ConnectionId;Transmitter;Receiver;Simtime;Type;Value1;Value2;Value3;Value4;Value5;Value6
1;0;0;0;Data;0;0;0;0;0;0
1;0;0;5;Data;2048;0;0;0;0;0
1;0;0;10;Data;5120;0;0;0;0;0
1;0;0;15;Data;8192;0;0;0;0;0
1;0;0;20;Data;11264;0;0;0;0;0
1;0;0;25;Data;14336;0;0;0;0;0
1;0;0;30;Data;17408;0;0;0;0;0
1;0;0;35;Data;20480;0;0;0;0;0
1;0;0;40;Data;23552;0;0;0;0;0
1;0;0;45;Data;26624;0;0;0;0;0
1;0;0;50;Data;29696;0;0;0;0;0
1;0;0;55;Data;32768;0;0;0;0;0
1;0;0;60;Data;35840;0;0;0;0;0
1;0;0;65;Data;38912;0;0;0;0;0
1;0;0;70;Data;41984;0;0;0;0;0
1;0;0;75;Data;45056;0;0;0;0;0
1;0;0;80;Data;48128;0;0;0;0;0
1;0;0;85;Data;52224;0;0;0;0;0
1;0;0;90;Data;55296;0;0;0;0;0
1;0;0;95;Data;58368;0;0;0;0;0
1;0;0;100;Data;61440;0;0;0;0;0
1;0;0;105;Data;64512;0;0;0;0;0
1;0;0;110;Data;67584;0;0;0;0;0
1;0;0;115;Data;70656;0;0;0;0;0
1;0;0;120;Data;73728;0;0;0;0;0
1;0;0;125;Data;76800;0;0;0;0;0
1;0;0;130;Data;79872;0;0;0;0;0
1;0;0;135;Data;82944;0;0;0;0;0
1;0;0;140;Data;86016;0;0;0;0;0
1;0;0;145;Data;89088;0;0;0;0;0
1;0;0;150;Data;92160;0;0;0;0;0
1;0;0;155;Data;95232;0;0;0;0;0
1;0;0;160;Data;98304;0;0;0;0;0
1;0;0;165;Data;101376;0;0;0;0;0
1;0;0;170;Data;104448;0;0;0;0;0
1;0;0;175;Data;107520;0;0;0;0;0
1;0;0;180;Data;110592;0;0;0;0;0
1;0;0;185;Data;114688;0;0;0;0;0
1;0;0;190;Data;117760;0;0;0;0;0
1;0;0;195;Data;120832;0;0;0;0;0
1;0;0;200;Data;123904;0;0;0;0;0
1;0;0;205;Data;126976;0;0;0;0;0
1;0;0;210;Data;130048;0;0;0;0;0
1;0;0;215;Data;133120;0;0;0;0;0
1;0;0;220;Data;136192;0;0;0;0;0
1;0;0;225;Data;139264;0;0;0;0;0
1;0;0;230;Data;142336;0;0;0;0;0
1;0;0;235;Data;145408;0;0;0;0;0
1;0;0;240;Data;148480;0;0;0;0;0
1;0;0;245;Data;151552;0;0;0;0;0
1;0;0;250;Data;154624;0;0;0;0;0
1;0;0;255;Data;157696;0;0;0;0;0
1;0;0;260;Data;160768;0;0;0;0;0
1;0;0;265;Data;163840;0;0;0;0;0
1;0;0;270;Data;166912;0;0;0;0;0
1;0;0;275;Data;169984;0;0;0;0;0
1;0;0;280;Data;173056;0;0;0;0;0
1;0;0;285;Data;177152;0;0;0;0;0
1;0;0;290;Data;180224;0;0;0;0;0
1;0;0;295;Data;183296;0;0;0;0;0
1;0;0;300;Data;186368;0;0;0;0;0
1;0;0;305;Data;189440;0;0;0;0;0
1;0;0;310;Data;192512;0;0;0;0;0
1;0;0;315;Data;195584;0;0;0;0;0
1;0;0;320;Data;198656;0;0;0;0;0
1;0;0;325;Data;201728;0;0;0;0;0
1;0;0;330;Data;204800;0;0;0;0;0
1;0;0;335;Data;207872;0;0;0;0;0
1;0;0;340;Data;210944;0;0;0;0;0
1;0;0;345;Data;214016;0;0;0;0;0
1;0;0;350;Data;217088;0;0;0;0;0
1;0;0;355;Data;220160;0;0;0;0;0
1;0;0;360;Data;223232;0;0;0;0;0
1;0;0;365;Data;226304;0;0;0;0;0
1;0;0;370;Data;229376;0;0;0;0;0
1;0;0;375;Data;232448;0;0;0;0;0
1;0;0;380;Data;235520;0;0;0;0;0
1;0;0;385;Data;239616;0;0;0;0;0
1;0;0;390;Data;242688;0;0;0;0;0
1;0;0;395;Data;245760;0;0;0;0;0
1;0;0;400;Data;248832;0;0;0;0;0
1;0;0;405;Data;251904;0;0;0;0;0
1;0;0;410;Data;254976;0;0;0;0;0
1;0;0;415;Data;258048;0;0;0;0;0
1;0;0;420;Data;261120;0;0;0;0;0
1;0;0;425;Data;264192;0;0;0;0;0
1;0;0;430;Data;267264;0;0;0;0;0
1;0;0;435;Data;270336;0;0;0;0;0
1;0;0;440;Data;273408;0;0;0;0;0
1;0;0;445;Data;276480;0;0;0;0;0
1;0;0;450;Data;279552;0;0;0;0;0
1;0;0;455;Data;282624;0;0;0;0;0
1;0;0;460;Data;285696;0;0;0;0;0
1;0;0;465;Data;288768;0;0;0;0;0
1;0;0;470;Data;291840;0;0;0;0;0
1;0;0;475;Data;294912;0;0;0;0;0
1;0;0;480;Data;297984;0;0;0;0;0
1;0;0;485;Data;302080;0;0;0;0;0
1;0;0;490;Data;305152;0;0;0;0;0
1;0;0;495;Data;308224;0;0;0;0;0
1;0;0;500;Data;311296;0;0;0;0;0
1;0;0;505;Data;314368;0;0;0;0;0
1;0;0;510;Data;317440;0;0;0;0;0
1;0;0;515;Data;320512;0;0;0;0;0
1;0;0;520;Data;323584;0;0;0;0;0
1;0;0;525;Data;326656;0;0;0;0;0
1;0;0;530;Data;329728;0;0;0;0;0
1;0;0;535;Data;332800;0;0;0;0;0
1;0;0;540;Data;335872;0;0;0;0;0
1;0;0;545;Data;338944;0;0;0;0;0
1;0;0;550;Data;342016;0;0;0;0;0
1;0;0;555;Data;345088;0;0;0;0;0
1;0;0;560;Data;348160;0;0;0;0;0
1;0;0;565;Data;351232;0;0;0;0;0
1;0;0;570;Data;354304;0;0;0;0;0
1;0;0;575;Data;357376;0;0;0;0;0
1;0;0;580;Data;361472;0;0;0;0;0
1;0;0;585;Data;364544;0;0;0;0;0
1;0;0;590;Data;367616;0;0;0;0;0
1;0;0;595;Data;370688;0;0;0;0;0
1;0;0;600;Data;373760;0;0;0;0;0
1;0;0;605;Data;376832;0;0;0;0;0
1;0;0;610;Data;379904;0;0;0;0;0
1;0;0;615;Data;382976;0;0;0;0;0
1;0;0;620;Data;386048;0;0;0;0;0
1;0;0;625;Data;389120;0;0;0;0;0
1;0;0;630;Data;392192;0;0;0;0;0
1;0;0;635;Data;395264;0;0;0;0;0
1;0;0;640;Data;398336;0;0;0;0;0
1;0;0;645;Data;401408;0;0;0;0;0
1;0;0;650;Data;404480;0;0;0;0;0
1;0;0;655;Data;407552;0;0;0;0;0
1;0;0;660;Data;410624;0;0;0;0;0
1;0;0;665;Data;413696;0;0;0;0;0
1;0;0;670;Data;416768;0;0;0;0;0
1;0;0;675;Data;419840;0;0;0;0;0
1;0;0;680;Data;423936;0;0;0;0;0
1;0;0;685;Data;427008;0;0;0;0;0
1;0;0;690;Data;430080;0;0;0;0;0
1;0;0;695;Data;433152;0;0;0;0;0
1;0;0;700;Data;436224;0;0;0;0;0
1;0;0;705;Data;439296;0;0;0;0;0
1;0;0;710;Data;442368;0;0;0;0;0
1;0;0;715;Data;445440;0;0;0;0;0
1;0;0;720;Data;448512;0;0;0;0;0
1;0;0;725;Data;451584;0;0;0;0;0
1;0;0;730;Data;454656;0;0;0;0;0
1;0;0;735;Data;457728;0;0;0;0;0
1;0;0;740;Data;460800;0;0;0;0;0
1;0;0;745;Data;463872;0;0;0;0;0
1;0;0;750;Data;466944;0;0;0;0;0
1;0;0;755;Data;470016;0;0;0;0;0
1;0;0;760;Data;473088;0;0;0;0;0
1;0;0;765;Data;476160;0;0;0;0;0
1;0;0;770;Data;479232;0;0;0;0;0
1;0;0;775;Data;482304;0;0;0;0;0
1;0;0;780;Data;486400;0;0;0;0;0
1;0;0;785;Data;489472;0;0;0;0;0
1;0;0;790;Data;492544;0;0;0;0;0
1;0;0;795;Data;495616;0;0;0;0;0
1;0;0;800;Data;498688;0;0;0;0;0
1;0;0;805;Data;501760;0;0;0;0;0
1;0;0;810;Data;504832;0;0;0;0;0
1;0;0;815;Data;507904;0;0;0;0;0
1;0;0;820;Data;510976;0;0;0;0;0
1;0;0;825;Data;514048;0;0;0;0;0
1;0;0;830;Data;517120;0;0;0;0;0
1;0;0;835;Data;520192;0;0;0;0;0
1;0;0;840;Data;523264;0;0;0;0;0
1;0;0;845;Data;526336;0;0;0;0;0
1;0;0;850;Data;529408;0;0;0;0;0
1;0;0;855;Data;532480;0;0;0;0;0
1;0;0;860;Data;535552;0;0;0;0;0
1;0;0;865;Data;538624;0;0;0;0;0
1;0;0;870;Data;541696;0;0;0;0;0
1;0;0;875;Data;544768;0;0;0;0;0
1;0;0;880;Data;548864;0;0;0;0;0
1;0;0;885;Data;551936;0;0;0;0;0
1;0;0;890;Data;555008;0;0;0;0;0
1;0;0;895;Data;558080;0;0;0;0;0
1;0;0;900;Data;561152;0;0;0;0;0
1;0;0;905;Data;564224;0;0;0;0;0
1;0;0;910;Data;567296;0;0;0;0;0
1;0;0;915;Data;570368;0;0;0;0;0
1;0;0;920;Data;573440;0;0;0;0;0
1;0;0;925;Data;576512;0;0;0;0;0
1;0;0;930;Data;579584;0;0;0;0;0
1;0;0;935;Data;582656;0;0;0;0;0
1;0;0;940;Data;585728;0;0;0;0;0
1;0;0;945;Data;588800;0;0;0;0;0
1;0;0;950;Data;591872;0;0;0;0;0
1;0;0;955;Data;594944;0;0;0;0;0
1;0;0;960;Data;598016;0;0;0;0;0
1;0;0;965;Data;601088;0;0;0;0;0
1;0;0;970;Data;604160;0;0;0;0;0
1;0;0;975;Data;607232;0;0;0;0;0
1;0;0;980;Data;611328;0;0;0;0;0
1;0;0;985;Data;614400;0;0;0;0;0
1;0;0;990;Data;617472;0;0;0;0;0
1;0;0;995;Data;620544;0;0;0;0;0
1;0;0;1000;Data;623616;0;0;0;0;0
1;0;0;1005;Data;626688;0;0;0;0;0
1;0;0;1010;Data;629760;0;0;0;0;0
1;0;0;1015;Data;632832;0;0;0;0;0
1;0;0;1020;Data;635904;0;0;0;0;0
1;0;0;1025;Data;638976;0;0;0;0;0
1;0;0;1030;Data;642048;0;0;0;0;0
1;0;0;1035;Data;645120;0;0;0;0;0
1;0;0;1040;Data;648192;0;0;0;0;0
1;0;0;1045;Data;651264;0;0;0;0;0
1;0;0;1050;Data;654336;0;0;0;0;0
1;0;0;1055;Data;657408;0;0;0;0;0
1;0;0;1060;Data;660480;0;0;0;0;0
1;0;0;1065;Data;663552;0;0;0;0;0
1;0;0;1070;Data;666624;0;0;0;0;0
1;0;0;1075;Data;669696;0;0;0;0;0
1;0;0;1080;Data;673792;0;0;0;0;0
1;0;0;1085;Data;676864;0;0;0;0;0
1;0;0;1090;Data;679936;0;0;0;0;0
1;0;0;1095;Data;683008;0;0;0;0;0
1;0;0;1100;Data;686080;0;0;0;0;0
1;0;0;1105;Data;689152;0;0;0;0;0
1;0;0;1110;Data;692224;0;0;0;0;0
1;0;0;1115;Data;695296;0;0;0;0;0
1;0;0;1120;Data;698368;0;0;0;0;0
1;0;0;1125;Data;701440;0;0;0;0;0
1;0;0;1130;Data;704512;0;0;0;0;0
1;0;0;1135;Data;707584;0;0;0;0;0
1;0;0;1140;Data;710656;0;0;0;0;0
1;0;0;1145;Data;713728;0;0;0;0;0
1;0;0;1150;Data;716800;0;0;0;0;0
1;0;0;1155;Data;719872;0;0;0;0;0
1;0;0;1160;Data;722944;0;0;0;0;0
1;0;0;1165;Data;726016;0;0;0;0;0
1;0;0;1170;Data;729088;0;0;0;0;0
1;0;0;1175;Data;732160;0;0;0;0;0
1;0;0;1180;Data;736256;0;0;0;0;0
1;0;0;1185;Data;739328;0;0;0;0;0
1;0;0;1190;Data;742400;0;0;0;0;0
1;0;0;1195;Data;745472;0;0;0;0;0
1;0;0;1200;Data;748544;0;0;0;0;0
1;0;0;1205;Data;751616;0;0;0;0;0
1;0;0;1210;Data;754688;0;0;0;0;0
1;0;0;1215;Data;757760;0;0;0;0;0
1;0;0;1220;Data;760832;0;0;0;0;0
1;0;0;1225;Data;763904;0;0;0;0;0
1;0;0;1230;Data;766976;0;0;0;0;0
1;0;0;1235;Data;770048;0;0;0;0;0
1;0;0;1240;Data;773120;0;0;0;0;0
1;0;0;1245;Data;776192;0;0;0;0;0
1;0;0;1250;Data;779264;0;0;0;0;0
1;0;0;1255;Data;782336;0;0;0;0;0
1;0;0;1260;Data;785408;0;0;0;0;0
1;0;0;1265;Data;788480;0;0;0;0;0
1;0;0;1270;Data;791552;0;0;0;0;0
1;0;0;1275;Data;794624;0;0;0;0;0
1;0;0;1280;Data;798720;0;0;0;0;0
1;0;0;1285;Data;801792;0;0;0;0;0
1;0;0;1290;Data;804864;0;0;0;0;0
1;0;0;1295;Data;807936;0;0;0;0;0
1;0;0;1300;Data;811008;0;0;0;0;0
1;0;0;1305;Data;814080;0;0;0;0;0
1;0;0;1310;Data;817152;0;0;0;0;0
1;0;0;1315;Data;820224;0;0;0;0;0
1;0;0;1320;Data;823296;0;0;0;0;0
1;0;0;1325;Data;826368;0;0;0;0;0
1;0;0;1330;Data;829440;0;0;0;0;0
1;0;0;1335;Data;832512;0;0;0;0;0
1;0;0;1340;Data;835584;0;0;0;0;0
1;0;0;1345;Data;838656;0;0;0;0;0
1;0;0;1350;Data;841728;0;0;0;0;0
1;0;0;1355;Data;844800;0;0;0;0;0
1;0;0;1360;Data;847872;0;0;0;0;0
1;0;0;1365;Data;850944;0;0;0;0;0
1;0;0;1370;Data;854016;0;0;0;0;0
1;0;0;1375;Data;857088;0;0;0;0;0
1;0;0;1380;Data;861184;0;0;0;0;0
1;0;0;1385;Data;864256;0;0;0;0;0
1;0;0;1390;Data;867328;0;0;0;0;0
1;0;0;1395;Data;870400;0;0;0;0;0
1;0;0;1400;Data;873472;0;0;0;0;0
1;0;0;1405;Data;876544;0;0;0;0;0
1;0;0;1410;Data;879616;0;0;0;0;0
1;0;0;1415;Data;882688;0;0;0;0;0
1;0;0;1420;Data;885760;0;0;0;0;0
1;0;0;1425;Data;888832;0;0;0;0;0
1;0;0;1430;Data;891904;0;0;0;0;0
1;0;0;1435;Data;894976;0;0;0;0;0
1;0;0;1440;Data;898048;0;0;0;0;0
1;0;0;1445;Data;901120;0;0;0;0;0
1;0;0;1450;Data;904192;0;0;0;0;0
1;0;0;1455;Data;907264;0;0;0;0;0
1;0;0;1460;Data;910336;0;0;0;0;0
1;0;0;1465;Data;913408;0;0;0;0;0
1;0;0;1470;Data;916480;0;0;0;0;0
1;0;0;1475;Data;920576;0;0;0;0;0
1;0;0;1480;Data;923648;0;0;0;0;0
1;0;0;1485;Data;926720;0;0;0;0;0
1;0;0;1490;Data;929792;0;0;0;0;0
1;0;0;1495;Data;932864;0;0;0;0;0
1;0;0;1500;Data;935936;0;0;0;0;0
1;0;0;1505;Data;939008;0;0;0;0;0
1;0;0;1510;Data;942080;0;0;0;0;0
1;0;0;1515;Data;945152;0;0;0;0;0
1;0;0;1520;Data;948224;0;0;0;0;0
1;0;0;1525;Data;951296;0;0;0;0;0
1;0;0;1530;Data;954368;0;0;0;0;0
1;0;0;1535;Data;957440;0;0;0;0;0
1;0;0;1540;Data;960512;0;0;0;0;0
1;0;0;1545;Data;963584;0;0;0;0;0
1;0;0;1550;Data;966656;0;0;0;0;0
1;0;0;1555;Data;969728;0;0;0;0;0
1;0;0;1560;Data;972800;0;0;0;0;0
1;0;0;1565;Data;975872;0;0;0;0;0
1;0;0;1570;Data;978944;0;0;0;0;0
1;0;0;1575;Data;983040;0;0;0;0;0
1;0;0;1580;Data;986112;0;0;0;0;0
1;0;0;1585;Data;989184;0;0;0;0;0
1;0;0;1590;Data;992256;0;0;0;0;0
1;0;0;1595;Data;995328;0;0;0;0;0
1;0;0;1600;Data;998400;0;0;0;0;0
1;0;0;1605;Data;1001472;0;0;0;0;0
1;0;0;1610;Data;1004544;0;0;0;0;0
1;0;0;1615;Data;1007616;0;0;0;0;0
1;0;0;1620;Data;1010688;0;0;0;0;0
1;0;0;1625;Data;1013760;0;0;0;0;0
1;0;0;1630;Data;1016832;0;0;0;0;0
1;0;0;1635;Data;1019904;0;0;0;0;0
1;0;0;1640;Data;1022976;0;0;0;0;0
1;0;0;1645;Data;1026048;0;0;0;0;0
1;0;0;1650;Data;1029120;0;0;0;0;0
1;0;0;1655;Data;1032192;0;0;0;0;0
1;0;0;1660;Data;1035264;0;0;0;0;0
1;0;0;1665;Data;1038336;0;0;0;0;0
1;0;0;1670;Data;1041408;0;0;0;0;0
1;0;0;1675;Data;1045504;0;0;0;0;0
1;0;0;1680;Data;1048576;0;0;0;0;0
1;0;0;1685;Data;1051648;0;0;0;0;0
1;0;0;1690;Data;1054720;0;0;0;0;0
1;0;0;1695;Data;1057792;0;0;0;0;0
1;0;0;1700;Data;1060864;0;0;0;0;0
1;0;0;1705;Data;1063936;0;0;0;0;0
1;0;0;1710;Data;1067008;0;0;0;0;0
1;0;0;1715;Data;1070080;0;0;0;0;0
1;0;0;1720;Data;1073152;0;0;0;0;0
1;0;0;1725;Data;1076224;0;0;0;0;0
1;0;0;1730;Data;1079296;0;0;0;0;0
1;0;0;1735;Data;1082368;0;0;0;0;0
1;0;0;1740;Data;1085440;0;0;0;0;0
1;0;0;1745;Data;1088512;0;0;0;0;0
1;0;0;1750;Data;1091584;0;0;0;0;0
1;0;0;1755;Data;1094656;0;0;0;0;0
1;0;0;1760;Data;1097728;0;0;0;0;0
1;0;0;1765;Data;1100800;0;0;0;0;0
1;0;0;1770;Data;1103872;0;0;0;0;0
1;0;0;1775;Data;1107968;0;0;0;0;0
1;0;0;1780;Data;1111040;0;0;0;0;0
1;0;0;1785;Data;1114112;0;0;0;0;0
1;0;0;1790;Data;1117184;0;0;0;0;0
1;0;0;1795;Data;1120256;0;0;0;0;0
1;0;0;1800;Data;1123328;0;0;0;0;0
1;0;0;1805;Data;1126400;0;0;0;0;0
1;0;0;1810;Data;1129472;0;0;0;0;0
1;0;0;1815;Data;1132544;0;0;0;0;0
1;0;0;1820;Data;1135616;0;0;0;0;0
1;0;0;1825;Data;1138688;0;0;0;0;0
1;0;0;1830;Data;1141760;0;0;0;0;0
1;0;0;1835;Data;1144832;0;0;0;0;0
1;0;0;1840;Data;1147904;0;0;0;0;0
1;0;0;1845;Data;1150976;0;0;0;0;0
1;0;0;1850;Data;1154048;0;0;0;0;0
1;0;0;1855;Data;1157120;0;0;0;0;0
1;0;0;1860;Data;1160192;0;0;0;0;0
1;0;0;1865;Data;1163264;0;0;0;0;0
1;0;0;1870;Data;1166336;0;0;0;0;0
1;0;0;1875;Data;1170432;0;0;0;0;0
1;0;0;1880;Data;1173504;0;0;0;0;0
1;0;0;1885;Data;1176576;0;0;0;0;0
1;0;0;1890;Data;1179648;0;0;0;0;0
1;0;0;1895;Data;1182720;0;0;0;0;0
1;0;0;1900;Data;1185792;0;0;0;0;0
1;0;0;1905;Data;1188864;0;0;0;0;0
1;0;0;1910;Data;1191936;0;0;0;0;0
1;0;0;1915;Data;1195008;0;0;0;0;0
1;0;0;1920;Data;1198080;0;0;0;0;0
1;0;0;1925;Data;1201152;0;0;0;0;0
1;0;0;1930;Data;1204224;0;0;0;0;0
1;0;0;1935;Data;1207296;0;0;0;0;0
1;0;0;1940;Data;1210368;0;0;0;0;0
1;0;0;1945;Data;1213440;0;0;0;0;0
1;0;0;1950;Data;1216512;0;0;0;0;0
1;0;0;1955;Data;1219584;0;0;0;0;0
1;0;0;1960;Data;1222656;0;0;0;0;0
1;0;0;1965;Data;1225728;0;0;0;0;0
1;0;0;1970;Data;1228800;0;0;0;0;0
1;0;0;1975;Data;1232896;0;0;0;0;0
1;0;0;1980;Data;1235968;0;0;0;0;0
1;0;0;1985;Data;1239040;0;0;0;0;0
1;0;0;1990;Data;1242112;0;0;0;0;0
1;0;0;1995;Data;1245184;0;0;0;0;0
1;0;0;2000;Data;1248256;0;0;0;0;0
1;0;0;2005;Data;1251328;0;0;0;0;0
1;0;0;2010;Data;1254400;0;0;0;0;0
1;0;0;2015;Data;1257472;0;0;0;0;0
1;0;0;2020;Data;1260544;0;0;0;0;0
1;0;0;2025;Data;1263616;0;0;0;0;0
1;0;0;2030;Data;1266688;0;0;0;0;0
1;0;0;2035;Data;1269760;0;0;0;0;0
1;0;0;2040;Data;1272832;0;0;0;0;0
1;0;0;2045;Data;1275904;0;0;0;0;0
1;0;0;2050;Data;1278976;0;0;0;0;0
1;0;0;2055;Data;1282048;0;0;0;0;0
1;0;0;2060;Data;1285120;0;0;0;0;0
1;0;0;2065;Data;1288192;0;0;0;0;0
1;0;0;2070;Data;1291264;0;0;0;0;0
1;0;0;2075;Data;1295360;0;0;0;0;0
1;0;0;2080;Data;1298432;0;0;0;0;0
1;0;0;2085;Data;1301504;0;0;0;0;0
1;0;0;2090;Data;1304576;0;0;0;0;0
1;0;0;2095;Data;1307648;0;0;0;0;0
1;0;0;2100;Data;1310720;0;0;0;0;0
1;0;0;2105;Data;1313792;0;0;0;0;0
1;0;0;2110;Data;1316864;0;0;0;0;0
1;0;0;2115;Data;1319936;0;0;0;0;0
1;0;0;2120;Data;1323008;0;0;0;0;0
1;0;0;2125;Data;1326080;0;0;0;0;0
1;0;0;2130;Data;1329152;0;0;0;0;0
1;0;0;2135;Data;1332224;0;0;0;0;0
1;0;0;2140;Data;1335296;0;0;0;0;0
1;0;0;2145;Data;1338368;0;0;0;0;0
1;0;0;2150;Data;1341440;0;0;0;0;0
1;0;0;2155;Data;1344512;0;0;0;0;0
1;0;0;2160;Data;1347584;0;0;0;0;0
1;0;0;2165;Data;1350656;0;0;0;0;0
1;0;0;2170;Data;1353728;0;0;0;0;0
1;0;0;2175;Data;1357824;0;0;0;0;0
1;0;0;2180;Data;1360896;0;0;0;0;0
1;0;0;2185;Data;1363968;0;0;0;0;0
1;0;0;2190;Data;1367040;0;0;0;0;0
1;0;0;2195;Data;1370112;0;0;0;0;0
1;0;0;2200;Data;1373184;0;0;0;0;0
1;0;0;2205;Data;1376256;0;0;0;0;0
1;0;0;2210;Data;1379328;0;0;0;0;0
1;0;0;2215;Data;1382400;0;0;0;0;0
1;0;0;2220;Data;1385472;0;0;0;0;0
1;0;0;2225;Data;1388544;0;0;0;0;0
1;0;0;2230;Data;1391616;0;0;0;0;0
1;0;0;2235;Data;1394688;0;0;0;0;0
1;0;0;2240;Data;1397760;0;0;0;0;0
1;0;0;2245;Data;1400832;0;0;0;0;0
1;0;0;2250;Data;1403904;0;0;0;0;0
1;0;0;2255;Data;1406976;0;0;0;0;0
1;0;0;2260;Data;1410048;0;0;0;0;0
1;0;0;2265;Data;1413120;0;0;0;0;0
1;0;0;2270;Data;1416192;0;0;0;0;0
1;0;0;2275;Data;1420288;0;0;0;0;0
1;0;0;2280;Data;1423360;0;0;0;0;0
1;0;0;2285;Data;1426432;0;0;0;0;0
1;0;0;2290;Data;1429504;0;0;0;0;0
1;0;0;2295;Data;1432576;0;0;0;0;0
1;0;0;2300;Data;1435648;0;0;0;0;0
1;0;0;2305;Data;1438720;0;0;0;0;0
1;0;0;2310;Data;1441792;0;0;0;0;0
1;0;0;2315;Data;1444864;0;0;0;0;0
1;0;0;2320;Data;1447936;0;0;0;0;0
1;0;0;2325;Data;1451008;0;0;0;0;0
1;0;0;2330;Data;1454080;0;0;0;0;0
1;0;0;2335;Data;1457152;0;0;0;0;0
1;0;0;2340;Data;1460224;0;0;0;0;0
1;0;0;2345;Data;1463296;0;0;0;0;0
1;0;0;2350;Data;1466368;0;0;0;0;0
1;0;0;2355;Data;1469440;0;0;0;0;0
1;0;0;2360;Data;1472512;0;0;0;0;0
1;0;0;2365;Data;1475584;0;0;0;0;0
1;0;0;2370;Data;1478656;0;0;0;0;0
1;0;0;2375;Data;1482752;0;0;0;0;0
1;0;0;2380;Data;1485824;0;0;0;0;0
1;0;0;2385;Data;1488896;0;0;0;0;0
1;0;0;2390;Data;1491968;0;0;0;0;0
1;0;0;2395;Data;1495040;0;0;0;0;0
1;0;0;2400;Data;1498112;0;0;0;0;0
1;0;0;2405;Data;1501184;0;0;0;0;0
1;0;0;2410;Data;1504256;0;0;0;0;0
1;0;0;2415;Data;1507328;0;0;0;0;0
1;0;0;2420;Data;1510400;0;0;0;0;0
1;0;0;2425;Data;1513472;0;0;0;0;0
1;0;0;2430;Data;1516544;0;0;0;0;0
1;0;0;2435;Data;1519616;0;0;0;0;0
1;0;0;2440;Data;1522688;0;0;0;0;0
1;0;0;2445;Data;1525760;0;0;0;0;0
1;0;0;2450;Data;1528832;0;0;0;0;0
1;0;0;2455;Data;1531904;0;0;0;0;0
1;0;0;2460;Data;1534976;0;0;0;0;0
1;0;0;2465;Data;1538048;0;0;0;0;0
1;0;0;2470;Data;1541120;0;0;0;0;0
1;0;0;2475;Data;1545216;0;0;0;0;0
1;0;0;2480;Data;1548288;0;0;0;0;0
1;0;0;2485;Data;1551360;0;0;0;0;0
1;0;0;2490;Data;1554432;0;0;0;0;0
1;0;0;2495;Data;1557504;0;0;0;0;0
1;0;0;2500;Data;1560576;0;0;0;0;0
1;0;0;2505;Data;1563648;0;0;0;0;0
1;0;0;2510;Data;1566720;0;0;0;0;0
1;0;0;2515;Data;1569792;0;0;0;0;0
1;0;0;2520;Data;1572864;0;0;0;0;0
1;0;0;2525;Data;1575936;0;0;0;0;0
1;0;0;2530;Data;1579008;0;0;0;0;0
1;0;0;2535;Data;1579008;0;0;0;0;0
1;0;0;2540;Data;1579008;0;0;0;0;0
1;0;0;2545;Data;1579008;0;0;0;0;0
1;0;0;2550;Data;1579008;0;0;0;0;0
1;0;0;2555;Data;1579008;0;0;0;0;0
1;0;0;2560;Data;1579008;0;0;0;0;0
1;0;0;2565;Data;1579008;0;0;0;0;0
1;0;0;2570;Data;1579008;0;0;0;0;0
1;0;0;2575;Data;1579008;0;0;0;0;0
1;0;0;2580;Data;1579008;0;0;0;0;0
1;0;0;2585;Data;1579008;0;0;0;0;0
1;0;0;2590;Data;1579008;0;0;0;0;0
1;0;0;2595;Data;1579008;0;0;0;0;0
1;0;0;2600;Data;1579008;0;0;0;0;0
1;0;0;2605;Data;1579008;0;0;0;0;0
1;0;0;2610;Data;1579008;0;0;0;0;0
1;0;0;2615;Data;1579008;0;0;0;0;0
1;0;0;2620;Data;1579008;0;0;0;0;0
1;0;0;2625;Data;1579008;0;0;0;0;0
1;0;0;2630;Data;1579008;0;0;0;0;0
1;0;0;2635;Data;1579008;0;0;0;0;0
1;0;0;2640;Data;1579008;0;0;0;0;0
1;0;0;2645;Data;1579008;0;0;0;0;0
1;0;0;2650;Data;1579008;0;0;0;0;0
1;0;0;2655;Data;1579008;0;0;0;0;0
1;0;0;2660;Data;1579008;0;0;0;0;0
1;0;0;2665;Data;1579008;0;0;0;0;0
1;0;0;2670;Data;1579008;0;0;0;0;0
1;0;0;2675;Data;1579008;0;0;0;0;0
1;0;0;2680;Data;1579008;0;0;0;0;0
1;0;0;2685;Data;1579008;0;0;0;0;0
1;0;0;2690;Data;1579008;0;0;0;0;0
1;0;0;2695;Data;1579008;0;0;0;0;0
1;0;0;2700;Data;1579008;0;0;0;0;0
1;0;0;2705;Data;1579008;0;0;0;0;0
1;0;0;2710;Data;1579008;0;0;0;0;0
1;0;0;2715;Data;1579008;0;0;0;0;0
1;0;0;2720;Data;1579008;0;0;0;0;0
1;0;0;2725;Data;1579008;0;0;0;0;0
1;0;0;2730;Data;1579008;0;0;0;0;0
1;0;0;2735;Data;1579008;0;0;0;0;0
1;0;0;2740;Data;1579008;0;0;0;0;0
1;0;0;2745;Data;1579008;0;0;0;0;0
1;0;0;2750;Data;1579008;0;0;0;0;0
1;0;0;2755;Data;1579008;0;0;0;0;0
1;0;0;2760;Data;1579008;0;0;0;0;0
1;0;0;2765;Data;1579008;0;0;0;0;0
1;0;0;2770;Data;1579008;0;0;0;0;0
1;0;0;2775;Data;1579008;0;0;0;0;0
1;0;0;2780;Data;1579008;0;0;0;0;0
1;0;0;2785;Data;1579008;0;0;0;0;0
1;0;0;2790;Data;1579008;0;0;0;0;0
1;0;0;2795;Data;1579008;0;0;0;0;0
1;0;0;2800;Data;1579008;0;0;0;0;0
1;0;0;2805;Data;1579008;0;0;0;0;0
1;0;0;2810;Data;1579008;0;0;0;0;0
1;0;0;2815;Data;1579008;0;0;0;0;0
1;0;0;2820;Data;1579008;0;0;0;0;0
1;0;0;2825;Data;1579008;0;0;0;0;0
1;0;0;2830;Data;1579008;0;0;0;0;0
1;0;0;2835;Data;1579008;0;0;0;0;0
1;0;0;2840;Data;1579008;0;0;0;0;0
1;0;0;2845;Data;1579008;0;0;0;0;0
1;0;0;2850;Data;1579008;0;0;0;0;0
1;0;0;2855;Data;1579008;0;0;0;0;0
1;0;0;2860;Data;1579008;0;0;0;0;0
1;0;0;2865;Data;1579008;0;0;0;0;0
1;0;0;2870;Data;1579008;0;0;0;0;0
1;0;0;2875;Data;1579008;0;0;0;0;0
1;0;0;2880;Data;1579008;0;0;0;0;0
1;0;0;2885;Data;1579008;0;0;0;0;0
1;0;0;2890;Data;1579008;0;0;0;0;0
1;0;0;2895;Data;1579008;0;0;0;0;0
1;0;0;2900;Data;1579008;0;0;0;0;0
1;0;0;2905;Data;1579008;0;0;0;0;0
1;0;0;2910;Data;1579008;0;0;0;0;0
1;0;0;2915;Data;1579008;0;0;0;0;0
1;0;0;2920;Data;1579008;0;0;0;0;0
1;0;0;2925;Data;1579008;0;0;0;0;0
1;0;0;2930;Data;1579008;0;0;0;0;0
1;0;0;2935;Data;1579008;0;0;0;0;0
1;0;0;2940;Data;1579008;0;0;0;0;0
1;0;0;2945;Data;1579008;0;0;0;0;0
1;0;0;2950;Data;1579008;0;0;0;0;0
1;0;0;2955;Data;1579008;0;0;0;0;0
1;0;0;2960;Data;1579008;0;0;0;0;0
1;0;0;2965;Data;1579008;0;0;0;0;0
1;0;0;2970;Data;1579008;0;0;0;0;0
1;0;0;2975;Data;1579008;0;0;0;0;0
1;0;0;2980;Data;1579008;0;0;0;0;0
1;0;0;2985;Data;1579008;0;0;0;0;0
1;0;0;2990;Data;1579008;0;0;0;0;0
1;0;0;2995;Data;1579008;0;0;0;0;0
1;0;0;3000;Data;1579008;0;0;0;0;0
1;0;0;3005;Data;1579008;0;0;0;0;0
1;0;0;3010;Data;1579008;0;0;0;0;0
1;0;0;3015;Data;1579008;0;0;0;0;0
1;0;0;3020;Data;1579008;0;0;0;0;0
1;0;0;3025;Data;1579008;0;0;0;0;0
1;0;0;3030;Data;1579008;0;0;0;0;0
1;0;0;3035;Data;1579008;0;0;0;0;0
1;0;0;3040;Data;1579008;0;0;0;0;0
1;0;0;3045;Data;1579008;0;0;0;0;0
1;0;0;3050;Data;1579008;0;0;0;0;0
1;0;0;3055;Data;1579008;0;0;0;0;0
1;0;0;3060;Data;1579008;0;0;0;0;0
1;0;0;3065;Data;1579008;0;0;0;0;0
1;0;0;3070;Data;1579008;0;0;0;0;0
1;0;0;3075;Data;1579008;0;0;0;0;0
1;0;0;3080;Data;1579008;0;0;0;0;0
1;0;0;3085;Data;1579008;0;0;0;0;0
1;0;0;3090;Data;1579008;0;0;0;0;0
1;0;0;3095;Data;1579008;0;0;0;0;0
1;0;0;3100;Data;1579008;0;0;0;0;0
1;0;0;3105;Data;1579008;0;0;0;0;0
1;0;0;3110;Data;1579008;0;0;0;0;0
1;0;0;3115;Data;1579008;0;0;0;0;0
1;0;0;3120;Data;1579008;0;0;0;0;0
1;0;0;3125;Data;1579008;0;0;0;0;0
1;0;0;3130;Data;1579008;0;0;0;0;0
1;0;0;3135;Data;1579008;0;0;0;0;0
1;0;0;3140;Data;1579008;0;0;0;0;0
1;0;0;3145;Data;1579008;0;0;0;0;0
1;0;0;3150;Data;1579008;0;0;0;0;0
1;0;0;3155;Data;1579008;0;0;0;0;0
1;0;0;3160;Data;1579008;0;0;0;0;0
1;0;0;3165;Data;1579008;0;0;0;0;0
1;0;0;3170;Data;1579008;0;0;0;0;0
1;0;0;3175;Data;1579008;0;0;0;0;0
1;0;0;3180;Data;1579008;0;0;0;0;0
1;0;0;3185;Data;1579008;0;0;0;0;0
1;0;0;3190;Data;1579008;0;0;0;0;0
1;0;0;3195;Data;1579008;0;0;0;0;0
1;0;0;3200;Data;1579008;0;0;0;0;0
1;0;0;3205;Data;1579008;0;0;0;0;0
1;0;0;3210;Data;1579008;0;0;0;0;0
1;0;0;3215;Data;1579008;0;0;0;0;0
1;0;0;3220;Data;1579008;0;0;0;0;0
1;0;0;3225;Data;1579008;0;0;0;0;0
1;0;0;3230;Data;1579008;0;0;0;0;0
1;0;0;3235;Data;1579008;0;0;0;0;0
1;0;0;3240;Data;1579008;0;0;0;0;0
1;0;0;3245;Data;1579008;0;0;0;0;0
1;0;0;3250;Data;1579008;0;0;0;0;0
1;0;0;3255;Data;1579008;0;0;0;0;0
1;0;0;3260;Data;1579008;0;0;0;0;0
1;0;0;3265;Data;1579008;0;0;0;0;0
1;0;0;3270;Data;1579008;0;0;0;0;0
1;0;0;3275;Data;1579008;0;0;0;0;0
1;0;0;3280;Data;1579008;0;0;0;0;0
1;0;0;3285;Data;1579008;0;0;0;0;0
1;0;0;3290;Data;1579008;0;0;0;0;0
1;0;0;3295;Data;1579008;0;0;0;0;0
1;0;0;3300;Data;1579008;0;0;0;0;0
1;0;0;3305;Data;1579008;0;0;0;0;0
1;0;0;3310;Data;1579008;0;0;0;0;0
1;0;0;3315;Data;1579008;0;0;0;0;0
1;0;0;3320;Data;1579008;0;0;0;0;0
1;0;0;3325;Data;1579008;0;0;0;0;0
1;0;0;3330;Data;1579008;0;0;0;0;0
1;0;0;3335;Data;1579008;0;0;0;0;0
1;0;0;3340;Data;1579008;0;0;0;0;0
1;0;0;3345;Data;1579008;0;0;0;0;0
1;0;0;3350;Data;1579008;0;0;0;0;0
1;0;0;3355;Data;1579008;0;0;0;0;0
1;0;0;3360;Data;1579008;0;0;0;0;0
1;0;0;3365;Data;1579008;0;0;0;0;0
1;0;0;3370;Data;1579008;0;0;0;0;0
1;0;0;3375;Data;1579008;0;0;0;0;0
1;0;0;3380;Data;1579008;0;0;0;0;0
1;0;0;3385;Data;1579008;0;0;0;0;0
1;0;0;3390;Data;1579008;0;0;0;0;0
1;0;0;3395;Data;1579008;0;0;0;0;0
1;0;0;3400;Data;1579008;0;0;0;0;0
1;0;0;3405;Data;1579008;0;0;0;0;0
1;0;0;3410;Data;1579008;0;0;0;0;0
1;0;0;3415;Data;1579008;0;0;0;0;0
1;0;0;3420;Data;1579008;0;0;0;0;0
1;0;0;3425;Data;1579008;0;0;0;0;0
1;0;0;3430;Data;1579008;0;0;0;0;0
1;0;0;3435;Data;1579008;0;0;0;0;0
1;0;0;3440;Data;1579008;0;0;0;0;0
1;0;0;3445;Data;1579008;0;0;0;0;0
1;0;0;3450;Data;1579008;0;0;0;0;0
1;0;0;3455;Data;1579008;0;0;0;0;0
1;0;0;3460;Data;1579008;0;0;0;0;0
1;0;0;3465;Data;1579008;0;0;0;0;0
1;0;0;3470;Data;1579008;0;0;0;0;0
1;0;0;3475;Data;1579008;0;0;0;0;0
1;0;0;3480;Data;1579008;0;0;0;0;0
1;0;0;3485;Data;1579008;0;0;0;0;0
1;0;0;3490;Data;1579008;0;0;0;0;0
1;0;0;3495;Data;1579008;0;0;0;0;0
1;0;0;3500;Data;1579008;0;0;0;0;0
1;0;0;3505;Data;1579008;0;0;0;0;0
1;0;0;3510;Data;1579008;0;0;0;0;0
1;0;0;3515;Data;1579008;0;0;0;0;0
1;0;0;3520;Data;1579008;0;0;0;0;0
1;0;0;3525;Data;1579008;0;0;0;0;0
1;0;0;3530;Data;1579008;0;0;0;0;0
1;0;0;3535;Data;1579008;0;0;0;0;0
1;0;0;3540;Data;1579008;0;0;0;0;0
1;0;0;3545;Data;1579008;0;0;0;0;0
1;0;0;3550;Data;1579008;0;0;0;0;0
1;0;0;3555;Data;1579008;0;0;0;0;0
1;0;0;3560;Data;1579008;0;0;0;0;0
1;0;0;3565;Data;1579008;0;0;0;0;0
1;0;0;3570;Data;1579008;0;0;0;0;0
1;0;0;3575;Data;1579008;0;0;0;0;0
1;0;0;3580;Data;1579008;0;0;0;0;0
1;0;0;3585;Data;1579008;0;0;0;0;0
1;0;0;3590;Data;1579008;0;0;0;0;0
1;0;0;3595;Data;1579008;0;0;0;0;0
1;0;0;3600;Data;1579008;0;0;0;0;0
1;0;0;3605;Data;1579008;0;0;0;0;0
1;0;0;3610;Data;1579008;0;0;0;0;0
1;0;0;3615;Data;1579008;0;0;0;0;0
1;0;0;3620;Data;1579008;0;0;0;0;0
1;0;0;3625;Data;1579008;0;0;0;0;0
1;0;0;3630;Data;1579008;0;0;0;0;0
1;0;0;3635;Data;1579008;0;0;0;0;0
1;0;0;3640;Data;1579008;0;0;0;0;0
1;0;0;3645;Data;1579008;0;0;0;0;0
1;0;0;3650;Data;1579008;0;0;0;0;0
1;0;0;3655;Data;1579008;0;0;0;0;0
1;0;0;3660;Data;1579008;0;0;0;0;0
1;0;0;3665;Data;1579008;0;0;0;0;0
1;0;0;3670;Data;1579008;0;0;0;0;0
1;0;0;3675;Data;1579008;0;0;0;0;0
1;0;0;3680;Data;1579008;0;0;0;0;0
1;0;0;3685;Data;1579008;0;0;0;0;0
1;0;0;3690;Data;1579008;0;0;0;0;0
1;0;0;3695;Data;1579008;0;0;0;0;0
1;0;0;3700;Data;1579008;0;0;0;0;0
1;0;0;3705;Data;1579008;0;0;0;0;0
1;0;0;3710;Data;1579008;0;0;0;0;0
1;0;0;3715;Data;1579008;0;0;0;0;0
1;0;0;3720;Data;1579008;0;0;0;0;0
1;0;0;3725;Data;1579008;0;0;0;0;0
1;0;0;3730;Data;1579008;0;0;0;0;0
1;0;0;3735;Data;1579008;0;0;0;0;0
1;0;0;3740;Data;1579008;0;0;0;0;0
1;0;0;3745;Data;1579008;0;0;0;0;0
1;0;0;3750;Data;1579008;0;0;0;0;0
1;0;0;3755;Data;1579008;0;0;0;0;0
1;0;0;3760;Data;1579008;0;0;0;0;0
1;0;0;3765;Data;1579008;0;0;0;0;0
1;0;0;3770;Data;1579008;0;0;0;0;0
1;0;0;3775;Data;1579008;0;0;0;0;0
1;0;0;3780;Data;1579008;0;0;0;0;0
1;0;0;3785;Data;1579008;0;0;0;0;0
1;0;0;3790;Data;1579008;0;0;0;0;0
1;0;0;3795;Data;1579008;0;0;0;0;0
1;0;0;3800;Data;1579008;0;0;0;0;0
1;0;0;3805;Data;1579008;0;0;0;0;0
1;0;0;3810;Data;1579008;0;0;0;0;0
1;0;0;3815;Data;1579008;0;0;0;0;0
1;0;0;3820;Data;1579008;0;0;0;0;0
1;0;0;3825;Data;1579008;0;0;0;0;0
1;0;0;3830;Data;1579008;0;0;0;0;0
1;0;0;3835;Data;1579008;0;0;0;0;0
1;0;0;3840;Data;1579008;0;0;0;0;0
1;0;0;3845;Data;1579008;0;0;0;0;0
1;0;0;3850;Data;1579008;0;0;0;0;0
1;0;0;3855;Data;1579008;0;0;0;0;0
1;0;0;3860;Data;1579008;0;0;0;0;0
1;0;0;3865;Data;1579008;0;0;0;0;0
1;0;0;3870;Data;1579008;0;0;0;0;0
1;0;0;3875;Data;1579008;0;0;0;0;0
1;0;0;3880;Data;1579008;0;0;0;0;0
1;0;0;3885;Data;1579008;0;0;0;0;0
1;0;0;3890;Data;1579008;0;0;0;0;0
1;0;0;3895;Data;1579008;0;0;0;0;0
1;0;0;3900;Data;1579008;0;0;0;0;0
1;0;0;3905;Data;1579008;0;0;0;0;0
1;0;0;3910;Data;1579008;0;0;0;0;0
1;0;0;3915;Data;1579008;0;0;0;0;0
1;0;0;3920;Data;1579008;0;0;0;0;0
1;0;0;3925;Data;1579008;0;0;0;0;0
1;0;0;3930;Data;1579008;0;0;0;0;0
1;0;0;3935;Data;1579008;0;0;0;0;0
1;0;0;3940;Data;1579008;0;0;0;0;0
1;0;0;3945;Data;1579008;0;0;0;0;0
1;0;0;3950;Data;1579008;0;0;0;0;0
1;0;0;3955;Data;1579008;0;0;0;0;0
1;0;0;3960;Data;1579008;0;0;0;0;0
1;0;0;3965;Data;1579008;0;0;0;0;0
1;0;0;3970;Data;1579008;0;0;0;0;0
1;0;0;3975;Data;1579008;0;0;0;0;0
1;0;0;3980;Data;1579008;0;0;0;0;0
1;0;0;3985;Data;1579008;0;0;0;0;0
1;0;0;3990;Data;1579008;0;0;0;0;0
1;0;0;3995;Data;1579008;0;0;0;0;0
1;0;0;4000;Data;1579008;0;0;0;0;0
1;0;0;4005;Data;1579008;0;0;0;0;0
1;0;0;4010;Data;1579008;0;0;0;0;0
1;0;0;4015;Data;1579008;0;0;0;0;0
1;0;0;4020;Data;1579008;0;0;0;0;0
1;0;0;4025;Data;1579008;0;0;0;0;0
1;0;0;4030;Data;1579008;0;0;0;0;0
1;0;0;4035;Data;1579008;0;0;0;0;0
1;0;0;4040;Data;1579008;0;0;0;0;0
1;0;0;4045;Data;1579008;0;0;0;0;0
1;0;0;4050;Data;1579008;0;0;0;0;0
1;0;0;4055;Data;1579008;0;0;0;0;0
1;0;0;4060;Data;1579008;0;0;0;0;0
1;0;0;4065;Data;1579008;0;0;0;0;0
1;0;0;4070;Data;1579008;0;0;0;0;0
1;0;0;4075;Data;1579008;0;0;0;0;0
1;0;0;4080;Data;1579008;0;0;0;0;0
1;0;0;4085;Data;1579008;0;0;0;0;0
1;0;0;4090;Data;1579008;0;0;0;0;0
1;0;0;4095;Data;1579008;0;0;0;0;0
1;0;0;4100;Data;1579008;0;0;0;0;0
1;0;0;4105;Data;1579008;0;0;0;0;0
1;0;0;4110;Data;1579008;0;0;0;0;0
1;0;0;4115;Data;1579008;0;0;0;0;0
1;0;0;4120;Data;1579008;0;0;0;0;0
1;0;0;4125;Data;1579008;0;0;0;0;0
1;0;0;4130;Data;1579008;0;0;0;0;0
1;0;0;4135;Data;1579008;0;0;0;0;0
1;0;0;4140;Data;1579008;0;0;0;0;0
1;0;0;4145;Data;1579008;0;0;0;0;0
1;0;0;4150;Data;1579008;0;0;0;0;0
1;0;0;4155;Data;1579008;0;0;0;0;0
1;0;0;4160;Data;1579008;0;0;0;0;0
1;0;0;4165;Data;1579008;0;0;0;0;0
1;0;0;4170;Data;1579008;0;0;0;0;0
1;0;0;4175;Data;1579008;0;0;0;0;0
1;0;0;4180;Data;1579008;0;0;0;0;0
1;0;0;4185;Data;1579008;0;0;0;0;0
1;0;0;4190;Data;1579008;0;0;0;0;0
1;0;0;4195;Data;1579008;0;0;0;0;0
1;0;0;4200;Data;1579008;0;0;0;0;0
1;0;0;4205;Data;1579008;0;0;0;0;0
1;0;0;4210;Data;1579008;0;0;0;0;0
1;0;0;4215;Data;1579008;0;0;0;0;0
1;0;0;4220;Data;1579008;0;0;0;0;0
1;0;0;4225;Data;1579008;0;0;0;0;0
1;0;0;4230;Data;1579008;0;0;0;0;0
1;0;0;4235;Data;1579008;0;0;0;0;0
1;0;0;4240;Data;1579008;0;0;0;0;0
1;0;0;4245;Data;1579008;0;0;0;0;0
1;0;0;4250;Data;1579008;0;0;0;0;0
1;0;0;4255;Data;1579008;0;0;0;0;0
1;0;0;4260;Data;1579008;0;0;0;0;0
1;0;0;4265;Data;1579008;0;0;0;0;0
1;0;0;4270;Data;1579008;0;0;0;0;0
1;0;0;4275;Data;1579008;0;0;0;0;0
1;0;0;4280;Data;1579008;0;0;0;0;0
1;0;0;4285;Data;1579008;0;0;0;0;0
1;0;0;4290;Data;1579008;0;0;0;0;0
1;0;0;4295;Data;1579008;0;0;0;0;0
1;0;0;4300;Data;1579008;0;0;0;0;0
1;0;0;4305;Data;1579008;0;0;0;0;0
1;0;0;4310;Data;1579008;0;0;0;0;0
1;0;0;4315;Data;1579008;0;0;0;0;0
1;0;0;4320;Data;1579008;0;0;0;0;0
1;0;0;4325;Data;1579008;0;0;0;0;0
1;0;0;4330;Data;1579008;0;0;0;0;0
1;0;0;4335;Data;1579008;0;0;0;0;0
1;0;0;4340;Data;1579008;0;0;0;0;0
1;0;0;4345;Data;1579008;0;0;0;0;0
1;0;0;4350;Data;1579008;0;0;0;0;0
1;0;0;4355;Data;1579008;0;0;0;0;0
1;0;0;4360;Data;1579008;0;0;0;0;0
1;0;0;4365;Data;1579008;0;0;0;0;0
1;0;0;4370;Data;1579008;0;0;0;0;0
1;0;0;4375;Data;1579008;0;0;0;0;0
1;0;0;4380;Data;1579008;0;0;0;0;0
1;0;0;4385;Data;1579008;0;0;0;0;0
1;0;0;4390;Data;1579008;0;0;0;0;0
1;0;0;4395;Data;1579008;0;0;0;0;0
1;0;0;4400;Data;1579008;0;0;0;0;0
1;0;0;4405;Data;1579008;0;0;0;0;0
1;0;0;4410;Data;1579008;0;0;0;0;0
1;0;0;4415;Data;1579008;0;0;0;0;0
1;0;0;4420;Data;1579008;0;0;0;0;0
1;0;0;4425;Data;1579008;0;0;0;0;0
1;0;0;4430;Data;1579008;0;0;0;0;0
1;0;0;4435;Data;1579008;0;0;0;0;0
1;0;0;4440;Data;1579008;0;0;0;0;0
1;0;0;4445;Data;1579008;0;0;0;0;0
1;0;0;4450;Data;1579008;0;0;0;0;0
1;0;0;4455;Data;1579008;0;0;0;0;0
1;0;0;4460;Data;1579008;0;0;0;0;0
1;0;0;4465;Data;1579008;0;0;0;0;0
1;0;0;4470;Data;1579008;0;0;0;0;0
1;0;0;4475;Data;1579008;0;0;0;0;0
1;0;0;4480;Data;1579008;0;0;0;0;0
1;0;0;4485;Data;1579008;0;0;0;0;0
1;0;0;4490;Data;1579008;0;0;0;0;0
1;0;0;4495;Data;1579008;0;0;0;0;0
1;0;0;4500;Data;1579008;0;0;0;0;0
1;0;0;4505;Data;1579008;0;0;0;0;0
1;0;0;4510;Data;1579008;0;0;0;0;0
1;0;0;4515;Data;1579008;0;0;0;0;0
1;0;0;4520;Data;1579008;0;0;0;0;0
1;0;0;4525;Data;1579008;0;0;0;0;0
1;0;0;4530;Data;1579008;0;0;0;0;0
1;0;0;4535;Data;1579008;0;0;0;0;0
1;0;0;4540;Data;1579008;0;0;0;0;0
1;0;0;4545;Data;1579008;0;0;0;0;0
1;0;0;4550;Data;1579008;0;0;0;0;0
1;0;0;4555;Data;1579008;0;0;0;0;0
1;0;0;4560;Data;1579008;0;0;0;0;0
1;0;0;4565;Data;1579008;0;0;0;0;0
1;0;0;4570;Data;1579008;0;0;0;0;0
1;0;0;4575;Data;1579008;0;0;0;0;0
1;0;0;4580;Data;1579008;0;0;0;0;0
1;0;0;4585;Data;1579008;0;0;0;0;0
1;0;0;4590;Data;1579008;0;0;0;0;0
1;0;0;4595;Data;1579008;0;0;0;0;0
1;0;0;4600;Data;1579008;0;0;0;0;0
1;0;0;4605;Data;1579008;0;0;0;0;0
1;0;0;4610;Data;1579008;0;0;0;0;0
1;0;0;4615;Data;1579008;0;0;0;0;0
1;0;0;4620;Data;1579008;0;0;0;0;0
1;0;0;4625;Data;1579008;0;0;0;0;0
1;0;0;4630;Data;1579008;0;0;0;0;0
1;0;0;4635;Data;1579008;0;0;0;0;0
1;0;0;4640;Data;1579008;0;0;0;0;0
1;0;0;4645;Data;1579008;0;0;0;0;0
1;0;0;4650;Data;1579008;0;0;0;0;0
1;0;0;4655;Data;1579008;0;0;0;0;0
1;0;0;4660;Data;1579008;0;0;0;0;0
1;0;0;4665;Data;1579008;0;0;0;0;0
1;0;0;4670;Data;1579008;0;0;0;0;0
1;0;0;4675;Data;1579008;0;0;0;0;0
1;0;0;4680;Data;1579008;0;0;0;0;0
1;0;0;4685;Data;1579008;0;0;0;0;0
1;0;0;4690;Data;1579008;0;0;0;0;0
1;0;0;4695;Data;1579008;0;0;0;0;0
1;0;0;4700;Data;1579008;0;0;0;0;0
1;0;0;4705;Data;1579008;0;0;0;0;0
1;0;0;4710;Data;1579008;0;0;0;0;0
1;0;0;4715;Data;1579008;0;0;0;0;0
1;0;0;4720;Data;1579008;0;0;0;0;0
1;0;0;4725;Data;1579008;0;0;0;0;0
1;0;0;4730;Data;1579008;0;0;0;0;0
1;0;0;4735;Data;1579008;0;0;0;0;0
1;0;0;4740;Data;1579008;0;0;0;0;0
1;0;0;4745;Data;1579008;0;0;0;0;0
1;0;0;4750;Data;1579008;0;0;0;0;0
1;0;0;4755;Data;1579008;0;0;0;0;0
1;0;0;4760;Data;1579008;0;0;0;0;0
1;0;0;4765;Data;1579008;0;0;0;0;0
1;0;0;4770;Data;1579008;0;0;0;0;0
1;0;0;4775;Data;1579008;0;0;0;0;0
1;0;0;4780;Data;1579008;0;0;0;0;0
1;0;0;4785;Data;1579008;0;0;0;0;0
1;0;0;4790;Data;1579008;0;0;0;0;0
1;0;0;4795;Data;1579008;0;0;0;0;0
1;0;0;4800;Data;1579008;0;0;0;0;0
1;0;0;4805;Data;1579008;0;0;0;0;0
1;0;0;4810;Data;1579008;0;0;0;0;0
1;0;0;4815;Data;1579008;0;0;0;0;0
1;0;0;4820;Data;1579008;0;0;0;0;0
1;0;0;4825;Data;1579008;0;0;0;0;0
1;0;0;4830;Data;1579008;0;0;0;0;0
1;0;0;4835;Data;1579008;0;0;0;0;0
1;0;0;4840;Data;1579008;0;0;0;0;0
1;0;0;4845;Data;1579008;0;0;0;0;0
1;0;0;4850;Data;1579008;0;0;0;0;0
1;0;0;4855;Data;1579008;0;0;0;0;0
1;0;0;4860;Data;1579008;0;0;0;0;0
1;0;0;4865;Data;1579008;0;0;0;0;0
1;0;0;4870;Data;1579008;0;0;0;0;0
1;0;0;4875;Data;1579008;0;0;0;0;0
1;0;0;4880;Data;1579008;0;0;0;0;0
1;0;0;4885;Data;1579008;0;0;0;0;0
1;0;0;4890;Data;1579008;0;0;0;0;0
1;0;0;4895;Data;1579008;0;0;0;0;0
1;0;0;4900;Data;1579008;0;0;0;0;0
1;0;0;4905;Data;1579008;0;0;0;0;0
1;0;0;4910;Data;1579008;0;0;0;0;0
1;0;0;4915;Data;1579008;0;0;0;0;0
1;0;0;4920;Data;1579008;0;0;0;0;0
1;0;0;4925;Data;1579008;0;0;0;0;0
1;0;0;4930;Data;1579008;0;0;0;0;0
1;0;0;4935;Data;1579008;0;0;0;0;0
1;0;0;4940;Data;1579008;0;0;0;0;0
1;0;0;4945;Data;1579008;0;0;0;0;0
1;0;0;4950;Data;1579008;0;0;0;0;0
1;0;0;4955;Data;1579008;0;0;0;0;0
1;0;0;4960;Data;1579008;0;0;0;0;0
1;0;0;4965;Data;1579008;0;0;0;0;0
1;0;0;4970;Data;1579008;0;0;0;0;0
1;0;0;4975;Data;1579008;0;0;0;0;0
1;0;0;4980;Data;1579008;0;0;0;0;0
1;0;0;4985;Data;1579008;0;0;0;0;0
1;0;0;4990;Data;1579008;0;0;0;0;0
1;0;0;4995;Data;1579008;0;0;0;0;0
1;0;0;5000;Data;1579008;0;0;0;0;0
1;0;0;5005;Data;1579008;0;0;0;0;0
1;0;0;5010;Data;1579008;0;0;0;0;0
1;0;0;5015;Data;1579008;0;0;0;0;0
1;0;0;5020;Data;1579008;0;0;0;0;0
1;0;0;5025;Data;1579008;0;0;0;0;0
1;0;0;5030;Data;1579008;0;0;0;0;0
1;0;0;5035;Data;1579008;0;0;0;0;0
1;0;0;5040;Data;1579008;0;0;0;0;0
1;0;0;5045;Data;1579008;0;0;0;0;0
1;0;0;5050;Data;1579008;0;0;0;0;0
1;0;0;5055;Data;1579008;0;0;0;0;0
1;0;0;5060;Data;1579008;0;0;0;0;0
1;0;0;5065;Data;1579008;0;0;0;0;0
1;0;0;5070;Data;1579008;0;0;0;0;0
1;0;0;5075;Data;1579008;0;0;0;0;0
1;0;0;5080;Data;1579008;0;0;0;0;0
1;0;0;5085;Data;1579008;0;0;0;0;0
1;0;0;5090;Data;1579008;0;0;0;0;0
1;0;0;5095;Data;1579008;0;0;0;0;0
1;0;0;5100;Data;1579008;0;0;0;0;0
1;0;0;5105;Data;1579008;0;0;0;0;0
1;0;0;5110;Data;1579008;0;0;0;0;0
1;0;0;5115;Data;1579008;0;0;0;0;0
1;0;0;5120;Data;1579008;0;0;0;0;0
1;0;0;5125;Data;1579008;0;0;0;0;0
1;0;0;5130;Data;1579008;0;0;0;0;0
1;0;0;5135;Data;1579008;0;0;0;0;0
1;0;0;5140;Data;1579008;0;0;0;0;0
1;0;0;5145;Data;1579008;0;0;0;0;0
1;0;0;5150;Data;1579008;0;0;0;0;0
1;0;0;5155;Data;1579008;0;0;0;0;0
1;0;0;5160;Data;1579008;0;0;0;0;0
1;0;0;5165;Data;1579008;0;0;0;0;0
1;0;0;5170;Data;1579008;0;0;0;0;0
1;0;0;5175;Data;1579008;0;0;0;0;0
1;0;0;5180;Data;1579008;0;0;0;0;0
1;0;0;5185;Data;1579008;0;0;0;0;0
1;0;0;5190;Data;1579008;0;0;0;0;0
1;0;0;5195;Data;1579008;0;0;0;0;0
1;0;0;5200;Data;1579008;0;0;0;0;0
1;0;0;5205;Data;1579008;0;0;0;0;0
1;0;0;5210;Data;1579008;0;0;0;0;0
1;0;0;5215;Data;1579008;0;0;0;0;0
1;0;0;5220;Data;1579008;0;0;0;0;0
1;0;0;5225;Data;1579008;0;0;0;0;0
1;0;0;5230;Data;1579008;0;0;0;0;0
1;0;0;5235;Data;1579008;0;0;0;0;0
1;0;0;5240;Data;1579008;0;0;0;0;0
1;0;0;5245;Data;1579008;0;0;0;0;0
1;0;0;5250;Data;1579008;0;0;0;0;0
1;0;0;5255;Data;1579008;0;0;0;0;0
1;0;0;5260;Data;1579008;0;0;0;0;0
1;0;0;5265;Data;1579008;0;0;0;0;0
1;0;0;5270;Data;1579008;0;0;0;0;0
1;0;0;5275;Data;1579008;0;0;0;0;0
1;0;0;5280;Data;1579008;0;0;0;0;0
1;0;0;5285;Data;1579008;0;0;0;0;0
1;0;0;5290;Data;1579008;0;0;0;0;0
1;0;0;5295;Data;1579008;0;0;0;0;0
1;0;0;5300;Data;1579008;0;0;0;0;0
1;0;0;5305;Data;1579008;0;0;0;0;0
1;0;0;5310;Data;1579008;0;0;0;0;0
1;0;0;5315;Data;1579008;0;0;0;0;0
1;0;0;5320;Data;1579008;0;0;0;0;0
1;0;0;5325;Data;1579008;0;0;0;0;0
1;0;0;5330;Data;1579008;0;0;0;0;0
1;0;0;5335;Data;1579008;0;0;0;0;0
1;0;0;5340;Data;1579008;0;0;0;0;0
1;0;0;5345;Data;1579008;0;0;0;0;0
1;0;0;5350;Data;1579008;0;0;0;0;0
1;0;0;5355;Data;1579008;0;0;0;0;0
1;0;0;5360;Data;1579008;0;0;0;0;0
1;0;0;5365;Data;1579008;0;0;0;0;0
1;0;0;5370;Data;1579008;0;0;0;0;0
1;0;0;5375;Data;1579008;0;0;0;0;0
1;0;0;5380;Data;1579008;0;0;0;0;0
1;0;0;5385;Data;1579008;0;0;0;0;0
1;0;0;5390;Data;1579008;0;0;0;0;0
1;0;0;5395;Data;1579008;0;0;0;0;0
1;0;0;5400;Data;1579008;0;0;0;0;0
1;0;0;5405;Data;1579008;0;0;0;0;0
1;0;0;5410;Data;1579008;0;0;0;0;0
1;0;0;5415;Data;1579008;0;0;0;0;0
1;0;0;5420;Data;1579008;0;0;0;0;0
1;0;0;5425;Data;1579008;0;0;0;0;0
1;0;0;5430;Data;1579008;0;0;0;0;0
1;0;0;5435;Data;1579008;0;0;0;0;0
1;0;0;5440;Data;1579008;0;0;0;0;0
1;0;0;5445;Data;1579008;0;0;0;0;0
1;0;0;5450;Data;1579008;0;0;0;0;0
1;0;0;5455;Data;1579008;0;0;0;0;0
1;0;0;5460;Data;1579008;0;0;0;0;0
1;0;0;5465;Data;1579008;0;0;0;0;0
1;0;0;5470;Data;1579008;0;0;0;0;0
1;0;0;5475;Data;1579008;0;0;0;0;0
1;0;0;5480;Data;1579008;0;0;0;0;0
1;0;0;5485;Data;1579008;0;0;0;0;0
1;0;0;5490;Data;1579008;0;0;0;0;0
1;0;0;5495;Data;1579008;0;0;0;0;0
1;0;0;5500;Data;1579008;0;0;0;0;0
1;0;0;5505;Data;1581056;0;0;0;0;0
1;0;0;5510;Data;1584128;0;0;0;0;0
1;0;0;5515;Data;1587200;0;0;0;0;0
1;0;0;5520;Data;1590272;0;0;0;0;0
1;0;0;5525;Data;1593344;0;0;0;0;0
1;0;0;5530;Data;1596416;0;0;0;0;0
1;0;0;5535;Data;1599488;0;0;0;0;0
1;0;0;5540;Data;1602560;0;0;0;0;0
1;0;0;5545;Data;1605632;0;0;0;0;0
1;0;0;5550;Data;1608704;0;0;0;0;0
1;0;0;5555;Data;1611776;0;0;0;0;0
1;0;0;5560;Data;1614848;0;0;0;0;0
1;0;0;5565;Data;1617920;0;0;0;0;0
1;0;0;5570;Data;1620992;0;0;0;0;0
1;0;0;5575;Data;1624064;0;0;0;0;0
1;0;0;5580;Data;1627136;0;0;0;0;0
1;0;0;5585;Data;1631232;0;0;0;0;0
1;0;0;5590;Data;1634304;0;0;0;0;0
1;0;0;5595;Data;1637376;0;0;0;0;0
1;0;0;5600;Data;1640448;0;0;0;0;0
1;0;0;5605;Data;1643520;0;0;0;0;0
1;0;0;5610;Data;1646592;0;0;0;0;0
1;0;0;5615;Data;1649664;0;0;0;0;0
1;0;0;5620;Data;1652736;0;0;0;0;0
1;0;0;5625;Data;1655808;0;0;0;0;0
1;0;0;5630;Data;1658880;0;0;0;0;0
1;0;0;5635;Data;1661952;0;0;0;0;0
1;0;0;5640;Data;1665024;0;0;0;0;0
1;0;0;5645;Data;1668096;0;0;0;0;0
1;0;0;5650;Data;1671168;0;0;0;0;0
1;0;0;5655;Data;1674240;0;0;0;0;0
1;0;0;5660;Data;1677312;0;0;0;0;0
1;0;0;5665;Data;1680384;0;0;0;0;0
1;0;0;5670;Data;1683456;0;0;0;0;0
1;0;0;5675;Data;1686528;0;0;0;0;0
1;0;0;5680;Data;1689600;0;0;0;0;0
1;0;0;5685;Data;1693696;0;0;0;0;0
1;0;0;5690;Data;1696768;0;0;0;0;0
1;0;0;5695;Data;1699840;0;0;0;0;0
1;0;0;5700;Data;1702912;0;0;0;0;0
1;0;0;5705;Data;1705984;0;0;0;0;0
1;0;0;5710;Data;1709056;0;0;0;0;0
1;0;0;5715;Data;1712128;0;0;0;0;0
1;0;0;5720;Data;1715200;0;0;0;0;0
1;0;0;5725;Data;1718272;0;0;0;0;0
1;0;0;5730;Data;1721344;0;0;0;0;0
1;0;0;5735;Data;1724416;0;0;0;0;0
1;0;0;5740;Data;1727488;0;0;0;0;0
1;0;0;5745;Data;1730560;0;0;0;0;0
1;0;0;5750;Data;1733632;0;0;0;0;0
1;0;0;5755;Data;1736704;0;0;0;0;0
1;0;0;5760;Data;1739776;0;0;0;0;0
1;0;0;5765;Data;1742848;0;0;0;0;0
1;0;0;5770;Data;1745920;0;0;0;0;0
1;0;0;5775;Data;1748992;0;0;0;0;0
1;0;0;5780;Data;1752064;0;0;0;0;0
1;0;0;5785;Data;1756160;0;0;0;0;0
1;0;0;5790;Data;1759232;0;0;0;0;0
1;0;0;5795;Data;1762304;0;0;0;0;0
1;0;0;5800;Data;1765376;0;0;0;0;0
1;0;0;5805;Data;1768448;0;0;0;0;0
1;0;0;5810;Data;1771520;0;0;0;0;0
1;0;0;5815;Data;1774592;0;0;0;0;0
1;0;0;5820;Data;1777664;0;0;0;0;0
1;0;0;5825;Data;1780736;0;0;0;0;0
1;0;0;5830;Data;1783808;0;0;0;0;0
1;0;0;5835;Data;1786880;0;0;0;0;0
1;0;0;5840;Data;1789952;0;0;0;0;0
1;0;0;5845;Data;1793024;0;0;0;0;0
1;0;0;5850;Data;1796096;0;0;0;0;0
1;0;0;5855;Data;1799168;0;0;0;0;0
1;0;0;5860;Data;1802240;0;0;0;0;0
1;0;0;5865;Data;1805312;0;0;0;0;0
1;0;0;5870;Data;1808384;0;0;0;0;0
1;0;0;5875;Data;1811456;0;0;0;0;0
1;0;0;5880;Data;1814528;0;0;0;0;0
1;0;0;5885;Data;1818624;0;0;0;0;0
1;0;0;5890;Data;1821696;0;0;0;0;0
1;0;0;5895;Data;1824768;0;0;0;0;0
1;0;0;5900;Data;1827840;0;0;0;0;0
1;0;0;5905;Data;1830912;0;0;0;0;0
1;0;0;5910;Data;1833984;0;0;0;0;0
1;0;0;5915;Data;1837056;0;0;0;0;0
1;0;0;5920;Data;1840128;0;0;0;0;0
1;0;0;5925;Data;1843200;0;0;0;0;0
1;0;0;5930;Data;1846272;0;0;0;0;0
1;0;0;5935;Data;1849344;0;0;0;0;0
1;0;0;5940;Data;1852416;0;0;0;0;0
1;0;0;5945;Data;1855488;0;0;0;0;0
1;0;0;5950;Data;1858560;0;0;0;0;0
1;0;0;5955;Data;1861632;0;0;0;0;0
1;0;0;5960;Data;1864704;0;0;0;0;0
1;0;0;5965;Data;1867776;0;0;0;0;0
1;0;0;5970;Data;1870848;0;0;0;0;0
1;0;0;5975;Data;1873920;0;0;0;0;0
1;0;0;5980;Data;1876992;0;0;0;0;0
1;0;0;5985;Data;1881088;0;0;0;0;0
1;0;0;5990;Data;1884160;0;0;0;0;0
1;0;0;5995;Data;1887232;0;0;0;0;0
1;0;0;6000;Data;1890304;0;0;0;0;0
1;0;0;6005;Data;1893376;0;0;0;0;0
1;0;0;6010;Data;1896448;0;0;0;0;0
1;0;0;6015;Data;1899520;0;0;0;0;0
1;0;0;6020;Data;1902592;0;0;0;0;0
1;0;0;6025;Data;1905664;0;0;0;0;0
1;0;0;6030;Data;1908736;0;0;0;0;0
1;0;0;6035;Data;1911808;0;0;0;0;0
1;0;0;6040;Data;1914880;0;0;0;0;0
1;0;0;6045;Data;1917952;0;0;0;0;0
1;0;0;6050;Data;1921024;0;0;0;0;0
1;0;0;6055;Data;1924096;0;0;0;0;0
1;0;0;6060;Data;1927168;0;0;0;0;0
1;0;0;6065;Data;1930240;0;0;0;0;0
1;0;0;6070;Data;1933312;0;0;0;0;0
1;0;0;6075;Data;1936384;0;0;0;0;0
1;0;0;6080;Data;1940480;0;0;0;0;0
1;0;0;6085;Data;1943552;0;0;0;0;0
1;0;0;6090;Data;1946624;0;0;0;0;0
1;0;0;6095;Data;1949696;0;0;0;0;0
1;0;0;6100;Data;1952768;0;0;0;0;0
1;0;0;6105;Data;1955840;0;0;0;0;0
1;0;0;6110;Data;1958912;0;0;0;0;0
1;0;0;6115;Data;1961984;0;0;0;0;0
1;0;0;6120;Data;1965056;0;0;0;0;0
1;0;0;6125;Data;1968128;0;0;0;0;0
1;0;0;6130;Data;1971200;0;0;0;0;0
1;0;0;6135;Data;1974272;0;0;0;0;0
1;0;0;6140;Data;1977344;0;0;0;0;0
1;0;0;6145;Data;1980416;0;0;0;0;0
1;0;0;6150;Data;1983488;0;0;0;0;0
1;0;0;6155;Data;1986560;0;0;0;0;0
1;0;0;6160;Data;1989632;0;0;0;0;0
1;0;0;6165;Data;1992704;0;0;0;0;0
1;0;0;6170;Data;1995776;0;0;0;0;0
1;0;0;6175;Data;1998848;0;0;0;0;0
1;0;0;6180;Data;2002944;0;0;0;0;0
1;0;0;6185;Data;2006016;0;0;0;0;0
1;0;0;6190;Data;2009088;0;0;0;0;0
1;0;0;6195;Data;2012160;0;0;0;0;0
1;0;0;6200;Data;2015232;0;0;0;0;0
1;0;0;6205;Data;2018304;0;0;0;0;0
1;0;0;6210;Data;2021376;0;0;0;0;0
1;0;0;6215;Data;2024448;0;0;0;0;0
1;0;0;6220;Data;2027520;0;0;0;0;0
1;0;0;6225;Data;2030592;0;0;0;0;0
1;0;0;6230;Data;2033664;0;0;0;0;0
1;0;0;6235;Data;2036736;0;0;0;0;0
1;0;0;6240;Data;2039808;0;0;0;0;0
1;0;0;6245;Data;2042880;0;0;0;0;0
1;0;0;6250;Data;2045952;0;0;0;0;0
1;0;0;6255;Data;2049024;0;0;0;0;0
1;0;0;6260;Data;2052096;0;0;0;0;0
1;0;0;6265;Data;2055168;0;0;0;0;0
1;0;0;6270;Data;2058240;0;0;0;0;0
1;0;0;6275;Data;2061312;0;0;0;0;0
1;0;0;6280;Data;2065408;0;0;0;0;0
1;0;0;6285;Data;2068480;0;0;0;0;0
1;0;0;6290;Data;2071552;0;0;0;0;0
1;0;0;6295;Data;2074624;0;0;0;0;0
1;0;0;6300;Data;2077696;0;0;0;0;0
1;0;0;6305;Data;2080768;0;0;0;0;0
1;0;0;6310;Data;2083840;0;0;0;0;0
1;0;0;6315;Data;2086912;0;0;0;0;0
1;0;0;6320;Data;2089984;0;0;0;0;0
1;0;0;6325;Data;2093056;0;0;0;0;0
1;0;0;6330;Data;2096128;0;0;0;0;0
1;0;0;6335;Data;2099200;0;0;0;0;0
1;0;0;6340;Data;2102272;0;0;0;0;0
1;0;0;6345;Data;2105344;0;0;0;0;0
1;0;0;6350;Data;2108416;0;0;0;0;0
1;0;0;6355;Data;2111488;0;0;0;0;0
1;0;0;6360;Data;2114560;0;0;0;0;0
1;0;0;6365;Data;2117632;0;0;0;0;0
1;0;0;6370;Data;2120704;0;0;0;0;0
1;0;0;6375;Data;2123776;0;0;0;0;0
1;0;0;6380;Data;2127872;0;0;0;0;0
1;0;0;6385;Data;2130944;0;0;0;0;0
1;0;0;6390;Data;2134016;0;0;0;0;0
1;0;0;6395;Data;2137088;0;0;0;0;0
1;0;0;6400;Data;2140160;0;0;0;0;0
1;0;0;6405;Data;2143232;0;0;0;0;0
1;0;0;6410;Data;2146304;0;0;0;0;0
1;0;0;6415;Data;2149376;0;0;0;0;0
1;0;0;6420;Data;2152448;0;0;0;0;0
1;0;0;6425;Data;2155520;0;0;0;0;0
1;0;0;6430;Data;2158592;0;0;0;0;0
1;0;0;6435;Data;2161664;0;0;0;0;0
1;0;0;6440;Data;2164736;0;0;0;0;0
1;0;0;6445;Data;2167808;0;0;0;0;0
1;0;0;6450;Data;2170880;0;0;0;0;0
1;0;0;6455;Data;2173952;0;0;0;0;0
1;0;0;6460;Data;2177024;0;0;0;0;0
1;0;0;6465;Data;2180096;0;0;0;0;0
1;0;0;6470;Data;2183168;0;0;0;0;0
1;0;0;6475;Data;2186240;0;0;0;0;0
1;0;0;6480;Data;2190336;0;0;0;0;0
1;0;0;6485;Data;2193408;0;0;0;0;0
1;0;0;6490;Data;2196480;0;0;0;0;0
1;0;0;6495;Data;2199552;0;0;0;0;0
1;0;0;6500;Data;2202624;0;0;0;0;0
1;0;0;6505;Data;2205696;0;0;0;0;0
1;0;0;6510;Data;2208768;0;0;0;0;0
1;0;0;6515;Data;2211840;0;0;0;0;0
1;0;0;6520;Data;2214912;0;0;0;0;0
1;0;0;6525;Data;2217984;0;0;0;0;0
1;0;0;6530;Data;2221056;0;0;0;0;0
1;0;0;6535;Data;2224128;0;0;0;0;0
1;0;0;6540;Data;2227200;0;0;0;0;0
1;0;0;6545;Data;2230272;0;0;0;0;0
1;0;0;6550;Data;2233344;0;0;0;0;0
1;0;0;6555;Data;2236416;0;0;0;0;0
1;0;0;6560;Data;2239488;0;0;0;0;0
1;0;0;6565;Data;2242560;0;0;0;0;0
1;0;0;6570;Data;2245632;0;0;0;0;0
1;0;0;6575;Data;2248704;0;0;0;0;0
1;0;0;6580;Data;2252800;0;0;0;0;0
1;0;0;6585;Data;2255872;0;0;0;0;0
1;0;0;6590;Data;2258944;0;0;0;0;0
1;0;0;6595;Data;2262016;0;0;0;0;0
1;0;0;6600;Data;2265088;0;0;0;0;0
1;0;0;6605;Data;2268160;0;0;0;0;0
1;0;0;6610;Data;2271232;0;0;0;0;0
1;0;0;6615;Data;2274304;0;0;0;0;0
1;0;0;6620;Data;2277376;0;0;0;0;0
1;0;0;6625;Data;2280448;0;0;0;0;0
1;0;0;6630;Data;2283520;0;0;0;0;0
1;0;0;6635;Data;2286592;0;0;0;0;0
1;0;0;6640;Data;2289664;0;0;0;0;0
1;0;0;6645;Data;2292736;0;0;0;0;0
1;0;0;6650;Data;2295808;0;0;0;0;0
1;0;0;6655;Data;2298880;0;0;0;0;0
1;0;0;6660;Data;2301952;0;0;0;0;0
1;0;0;6665;Data;2305024;0;0;0;0;0
1;0;0;6670;Data;2308096;0;0;0;0;0
1;0;0;6675;Data;2311168;0;0;0;0;0
1;0;0;6680;Data;2315264;0;0;0;0;0
1;0;0;6685;Data;2318336;0;0;0;0;0
1;0;0;6690;Data;2321408;0;0;0;0;0
1;0;0;6695;Data;2324480;0;0;0;0;0
1;0;0;6700;Data;2327552;0;0;0;0;0
1;0;0;6705;Data;2330624;0;0;0;0;0
1;0;0;6710;Data;2333696;0;0;0;0;0
1;0;0;6715;Data;2336768;0;0;0;0;0
1;0;0;6720;Data;2339840;0;0;0;0;0
1;0;0;6725;Data;2342912;0;0;0;0;0
1;0;0;6730;Data;2345984;0;0;0;0;0
1;0;0;6735;Data;2349056;0;0;0;0;0
1;0;0;6740;Data;2352128;0;0;0;0;0
1;0;0;6745;Data;2355200;0;0;0;0;0
1;0;0;6750;Data;2358272;0;0;0;0;0
1;0;0;6755;Data;2361344;0;0;0;0;0
1;0;0;6760;Data;2364416;0;0;0;0;0
1;0;0;6765;Data;2367488;0;0;0;0;0
1;0;0;6770;Data;2370560;0;0;0;0;0
1;0;0;6775;Data;2373632;0;0;0;0;0
1;0;0;6780;Data;2377728;0;0;0;0;0
1;0;0;6785;Data;2380800;0;0;0;0;0
1;0;0;6790;Data;2383872;0;0;0;0;0
1;0;0;6795;Data;2386944;0;0;0;0;0
1;0;0;6800;Data;2390016;0;0;0;0;0
1;0;0;6805;Data;2393088;0;0;0;0;0
1;0;0;6810;Data;2396160;0;0;0;0;0
1;0;0;6815;Data;2399232;0;0;0;0;0
1;0;0;6820;Data;2402304;0;0;0;0;0
1;0;0;6825;Data;2405376;0;0;0;0;0
1;0;0;6830;Data;2408448;0;0;0;0;0
1;0;0;6835;Data;2411520;0;0;0;0;0
1;0;0;6840;Data;2414592;0;0;0;0;0
1;0;0;6845;Data;2417664;0;0;0;0;0
1;0;0;6850;Data;2420736;0;0;0;0;0
1;0;0;6855;Data;2423808;0;0;0;0;0
1;0;0;6860;Data;2426880;0;0;0;0;0
1;0;0;6865;Data;2429952;0;0;0;0;0
1;0;0;6870;Data;2433024;0;0;0;0;0
1;0;0;6875;Data;2436096;0;0;0;0;0
1;0;0;6880;Data;2440192;0;0;0;0;0
1;0;0;6885;Data;2443264;0;0;0;0;0
1;0;0;6890;Data;2446336;0;0;0;0;0
1;0;0;6895;Data;2449408;0;0;0;0;0
1;0;0;6900;Data;2452480;0;0;0;0;0
1;0;0;6905;Data;2455552;0;0;0;0;0
1;0;0;6910;Data;2458624;0;0;0;0;0
1;0;0;6915;Data;2461696;0;0;0;0;0
1;0;0;6920;Data;2464768;0;0;0;0;0
1;0;0;6925;Data;2467840;0;0;0;0;0
1;0;0;6930;Data;2470912;0;0;0;0;0
1;0;0;6935;Data;2473984;0;0;0;0;0
1;0;0;6940;Data;2477056;0;0;0;0;0
1;0;0;6945;Data;2480128;0;0;0;0;0
1;0;0;6950;Data;2483200;0;0;0;0;0
1;0;0;6955;Data;2486272;0;0;0;0;0
1;0;0;6960;Data;2489344;0;0;0;0;0
1;0;0;6965;Data;2492416;0;0;0;0;0
1;0;0;6970;Data;2495488;0;0;0;0;0
1;0;0;6975;Data;2499584;0;0;0;0;0
1;0;0;6980;Data;2502656;0;0;0;0;0
1;0;0;6985;Data;2505728;0;0;0;0;0
1;0;0;6990;Data;2508800;0;0;0;0;0
1;0;0;6995;Data;2511872;0;0;0;0;0
1;0;0;7000;Data;2514944;0;0;0;0;0
1;0;0;7005;Data;2518016;0;0;0;0;0
1;0;0;7010;Data;2521088;0;0;0;0;0
1;0;0;7015;Data;2524160;0;0;0;0;0
1;0;0;7020;Data;2527232;0;0;0;0;0
1;0;0;7025;Data;2530304;0;0;0;0;0
1;0;0;7030;Data;2533376;0;0;0;0;0
1;0;0;7035;Data;2536448;0;0;0;0;0
1;0;0;7040;Data;2539520;0;0;0;0;0
1;0;0;7045;Data;2542592;0;0;0;0;0
1;0;0;7050;Data;2545664;0;0;0;0;0
1;0;0;7055;Data;2548736;0;0;0;0;0
1;0;0;7060;Data;2551808;0;0;0;0;0
1;0;0;7065;Data;2554880;0;0;0;0;0
1;0;0;7070;Data;2557952;0;0;0;0;0
1;0;0;7075;Data;2562048;0;0;0;0;0
1;0;0;7080;Data;2565120;0;0;0;0;0
1;0;0;7085;Data;2568192;0;0;0;0;0
1;0;0;7090;Data;2571264;0;0;0;0;0
1;0;0;7095;Data;2574336;0;0;0;0;0
1;0;0;7100;Data;2577408;0;0;0;0;0
1;0;0;7105;Data;2580480;0;0;0;0;0
1;0;0;7110;Data;2583552;0;0;0;0;0
1;0;0;7115;Data;2586624;0;0;0;0;0
1;0;0;7120;Data;2589696;0;0;0;0;0
1;0;0;7125;Data;2592768;0;0;0;0;0
1;0;0;7130;Data;2595840;0;0;0;0;0
1;0;0;7135;Data;2598912;0;0;0;0;0
1;0;0;7140;Data;2601984;0;0;0;0;0
1;0;0;7145;Data;2605056;0;0;0;0;0
1;0;0;7150;Data;2608128;0;0;0;0;0
1;0;0;7155;Data;2611200;0;0;0;0;0
1;0;0;7160;Data;2614272;0;0;0;0;0
1;0;0;7165;Data;2617344;0;0;0;0;0
1;0;0;7170;Data;2620416;0;0;0;0;0
1;0;0;7175;Data;2624512;0;0;0;0;0
1;0;0;7180;Data;2627584;0;0;0;0;0
1;0;0;7185;Data;2630656;0;0;0;0;0
1;0;0;7190;Data;2633728;0;0;0;0;0
1;0;0;7195;Data;2636800;0;0;0;0;0
1;0;0;7200;Data;2639872;0;0;0;0;0
1;0;0;7205;Data;2642944;0;0;0;0;0
1;0;0;7210;Data;2646016;0;0;0;0;0
1;0;0;7215;Data;2649088;0;0;0;0;0
1;0;0;7220;Data;2652160;0;0;0;0;0
1;0;0;7225;Data;2655232;0;0;0;0;0
1;0;0;7230;Data;2658304;0;0;0;0;0
1;0;0;7235;Data;2661376;0;0;0;0;0
1;0;0;7240;Data;2664448;0;0;0;0;0
1;0;0;7245;Data;2667520;0;0;0;0;0
1;0;0;7250;Data;2670592;0;0;0;0;0
1;0;0;7255;Data;2673664;0;0;0;0;0
1;0;0;7260;Data;2676736;0;0;0;0;0
1;0;0;7265;Data;2679808;0;0;0;0;0
1;0;0;7270;Data;2682880;0;0;0;0;0
1;0;0;7275;Data;2686976;0;0;0;0;0
1;0;0;7280;Data;2690048;0;0;0;0;0
1;0;0;7285;Data;2693120;0;0;0;0;0
1;0;0;7290;Data;2696192;0;0;0;0;0
1;0;0;7295;Data;2699264;0;0;0;0;0
1;0;0;7300;Data;2702336;0;0;0;0;0
1;0;0;7305;Data;2705408;0;0;0;0;0
1;0;0;7310;Data;2708480;0;0;0;0;0
1;0;0;7315;Data;2711552;0;0;0;0;0
1;0;0;7320;Data;2714624;0;0;0;0;0
1;0;0;7325;Data;2717696;0;0;0;0;0
1;0;0;7330;Data;2720768;0;0;0;0;0
1;0;0;7335;Data;2723840;0;0;0;0;0
1;0;0;7340;Data;2726912;0;0;0;0;0
1;0;0;7345;Data;2729984;0;0;0;0;0
1;0;0;7350;Data;2733056;0;0;0;0;0
1;0;0;7355;Data;2736128;0;0;0;0;0
1;0;0;7360;Data;2739200;0;0;0;0;0
1;0;0;7365;Data;2742272;0;0;0;0;0
1;0;0;7370;Data;2745344;0;0;0;0;0
1;0;0;7375;Data;2749440;0;0;0;0;0
1;0;0;7380;Data;2752512;0;0;0;0;0
1;0;0;7385;Data;2755584;0;0;0;0;0
1;0;0;7390;Data;2758656;0;0;0;0;0
1;0;0;7395;Data;2761728;0;0;0;0;0
1;0;0;7400;Data;2764800;0;0;0;0;0
1;0;0;7405;Data;2767872;0;0;0;0;0
1;0;0;7410;Data;2770944;0;0;0;0;0
1;0;0;7415;Data;2774016;0;0;0;0;0
1;0;0;7420;Data;2777088;0;0;0;0;0
1;0;0;7425;Data;2780160;0;0;0;0;0
1;0;0;7430;Data;2783232;0;0;0;0;0
1;0;0;7435;Data;2786304;0;0;0;0;0
1;0;0;7440;Data;2789376;0;0;0;0;0
1;0;0;7445;Data;2792448;0;0;0;0;0
1;0;0;7450;Data;2795520;0;0;0;0;0
1;0;0;7455;Data;2798592;0;0;0;0;0
1;0;0;7460;Data;2801664;0;0;0;0;0
1;0;0;7465;Data;2804736;0;0;0;0;0
1;0;0;7470;Data;2807808;0;0;0;0;0
1;0;0;7475;Data;2811904;0;0;0;0;0
1;0;0;7480;Data;2814976;0;0;0;0;0
1;0;0;7485;Data;2818048;0;0;0;0;0
1;0;0;7490;Data;2821120;0;0;0;0;0
1;0;0;7495;Data;2824192;0;0;0;0;0
1;0;0;7500;Data;2827264;0;0;0;0;0
1;0;0;7505;Data;2830336;0;0;0;0;0
1;0;0;7510;Data;2833408;0;0;0;0;0
1;0;0;7515;Data;2836480;0;0;0;0;0
1;0;0;7520;Data;2839552;0;0;0;0;0
1;0;0;7525;Data;2842624;0;0;0;0;0
1;0;0;7530;Data;2845696;0;0;0;0;0
1;0;0;7535;Data;2848768;0;0;0;0;0
1;0;0;7540;Data;2851840;0;0;0;0;0
1;0;0;7545;Data;2854912;0;0;0;0;0
1;0;0;7550;Data;2857984;0;0;0;0;0
1;0;0;7555;Data;2861056;0;0;0;0;0
1;0;0;7560;Data;2864128;0;0;0;0;0
1;0;0;7565;Data;2867200;0;0;0;0;0
1;0;0;7570;Data;2870272;0;0;0;0;0
1;0;0;7575;Data;2874368;0;0;0;0;0
1;0;0;7580;Data;2877440;0;0;0;0;0
1;0;0;7585;Data;2880512;0;0;0;0;0
1;0;0;7590;Data;2883584;0;0;0;0;0
1;0;0;7595;Data;2886656;0;0;0;0;0
1;0;0;7600;Data;2889728;0;0;0;0;0
1;0;0;7605;Data;2892800;0;0;0;0;0
1;0;0;7610;Data;2895872;0;0;0;0;0
1;0;0;7615;Data;2898944;0;0;0;0;0
1;0;0;7620;Data;2902016;0;0;0;0;0
1;0;0;7625;Data;2905088;0;0;0;0;0
1;0;0;7630;Data;2908160;0;0;0;0;0
1;0;0;7635;Data;2911232;0;0;0;0;0
1;0;0;7640;Data;2914304;0;0;0;0;0
1;0;0;7645;Data;2917376;0;0;0;0;0
1;0;0;7650;Data;2920448;0;0;0;0;0
1;0;0;7655;Data;2923520;0;0;0;0;0
1;0;0;7660;Data;2926592;0;0;0;0;0
1;0;0;7665;Data;2929664;0;0;0;0;0
1;0;0;7670;Data;2932736;0;0;0;0;0
1;0;0;7675;Data;2936832;0;0;0;0;0
1;0;0;7680;Data;2939904;0;0;0;0;0
1;0;0;7685;Data;2942976;0;0;0;0;0
1;0;0;7690;Data;2946048;0;0;0;0;0
1;0;0;7695;Data;2949120;0;0;0;0;0
1;0;0;7700;Data;2952192;0;0;0;0;0
1;0;0;7705;Data;2955264;0;0;0;0;0
1;0;0;7710;Data;2958336;0;0;0;0;0
1;0;0;7715;Data;2961408;0;0;0;0;0
1;0;0;7720;Data;2964480;0;0;0;0;0
1;0;0;7725;Data;2967552;0;0;0;0;0
1;0;0;7730;Data;2970624;0;0;0;0;0
1;0;0;7735;Data;2973696;0;0;0;0;0
1;0;0;7740;Data;2976768;0;0;0;0;0
1;0;0;7745;Data;2979840;0;0;0;0;0
1;0;0;7750;Data;2982912;0;0;0;0;0
1;0;0;7755;Data;2985984;0;0;0;0;0
1;0;0;7760;Data;2989056;0;0;0;0;0
1;0;0;7765;Data;2992128;0;0;0;0;0
1;0;0;7770;Data;2995200;0;0;0;0;0
1;0;0;7775;Data;2999296;0;0;0;0;0
1;0;0;7780;Data;3002368;0;0;0;0;0
1;0;0;7785;Data;3005440;0;0;0;0;0
1;0;0;7790;Data;3008512;0;0;0;0;0
1;0;0;7795;Data;3011584;0;0;0;0;0
1;0;0;7800;Data;3014656;0;0;0;0;0
1;0;0;7805;Data;3017728;0;0;0;0;0
1;0;0;7810;Data;3020800;0;0;0;0;0
1;0;0;7815;Data;3023872;0;0;0;0;0
1;0;0;7820;Data;3026944;0;0;0;0;0
1;0;0;7825;Data;3030016;0;0;0;0;0
1;0;0;7830;Data;3033088;0;0;0;0;0
1;0;0;7835;Data;3036160;0;0;0;0;0
1;0;0;7840;Data;3039232;0;0;0;0;0
1;0;0;7845;Data;3042304;0;0;0;0;0
1;0;0;7850;Data;3045376;0;0;0;0;0
1;0;0;7855;Data;3048448;0;0;0;0;0
1;0;0;7860;Data;3051520;0;0;0;0;0
1;0;0;7865;Data;3054592;0;0;0;0;0
1;0;0;7870;Data;3057664;0;0;0;0;0
1;0;0;7875;Data;3061760;0;0;0;0;0
1;0;0;7880;Data;3064832;0;0;0;0;0
1;0;0;7885;Data;3067904;0;0;0;0;0
1;0;0;7890;Data;3070976;0;0;0;0;0
1;0;0;7895;Data;3074048;0;0;0;0;0
1;0;0;7900;Data;3077120;0;0;0;0;0
1;0;0;7905;Data;3080192;0;0;0;0;0
1;0;0;7910;Data;3083264;0;0;0;0;0
1;0;0;7915;Data;3086336;0;0;0;0;0
1;0;0;7920;Data;3089408;0;0;0;0;0
1;0;0;7925;Data;3092480;0;0;0;0;0
1;0;0;7930;Data;3095552;0;0;0;0;0
1;0;0;7935;Data;3098624;0;0;0;0;0
1;0;0;7940;Data;3101696;0;0;0;0;0
1;0;0;7945;Data;3104768;0;0;0;0;0
1;0;0;7950;Data;3107840;0;0;0;0;0
1;0;0;7955;Data;3110912;0;0;0;0;0
1;0;0;7960;Data;3113984;0;0;0;0;0
1;0;0;7965;Data;3117056;0;0;0;0;0
1;0;0;7970;Data;3120128;0;0;0;0;0
1;0;0;7975;Data;3124224;0;0;0;0;0
1;0;0;7980;Data;3127296;0;0;0;0;0
1;0;0;7985;Data;3130368;0;0;0;0;0
1;0;0;7990;Data;3133440;0;0;0;0;0
1;0;0;7995;Data;3136512;0;0;0;0;0
1;0;0;8000;Data;3139584;0;0;0;0;0
1;0;0;8005;Data;3142656;0;0;0;0;0
1;0;0;8010;Data;3145728;0;0;0;0;0
1;0;0;8015;Data;3148800;0;0;0;0;0
1;0;0;8020;Data;3151872;0;0;0;0;0
1;0;0;8025;Data;3154944;0;0;0;0;0
1;0;0;8030;Data;3158016;0;0;0;0;0
1;0;0;8035;Data;3161088;0;0;0;0;0
1;0;0;8040;Data;3164160;0;0;0;0;0
1;0;0;8045;Data;3167232;0;0;0;0;0
1;0;0;8050;Data;3170304;0;0;0;0;0
1;0;0;8055;Data;3173376;0;0;0;0;0
1;0;0;8060;Data;3176448;0;0;0;0;0
1;0;0;8065;Data;3179520;0;0;0;0;0
1;0;0;8070;Data;3182592;0;0;0;0;0
1;0;0;8075;Data;3186688;0;0;0;0;0
1;0;0;8080;Data;3189760;0;0;0;0;0
1;0;0;8085;Data;3192832;0;0;0;0;0
1;0;0;8090;Data;3195904;0;0;0;0;0
1;0;0;8095;Data;3198976;0;0;0;0;0
1;0;0;8100;Data;3202048;0;0;0;0;0
1;0;0;8105;Data;3205120;0;0;0;0;0
1;0;0;8110;Data;3208192;0;0;0;0;0
1;0;0;8115;Data;3211264;0;0;0;0;0
1;0;0;8120;Data;3214336;0;0;0;0;0
1;0;0;8125;Data;3217408;0;0;0;0;0
1;0;0;8130;Data;3220480;0;0;0;0;0
1;0;0;8135;Data;3223552;0;0;0;0;0
1;0;0;8140;Data;3226624;0;0;0;0;0
1;0;0;8145;Data;3229696;0;0;0;0;0
1;0;0;8150;Data;3232768;0;0;0;0;0
1;0;0;8155;Data;3235840;0;0;0;0;0
1;0;0;8160;Data;3238912;0;0;0;0;0
1;0;0;8165;Data;3241984;0;0;0;0;0
1;0;0;8170;Data;3245056;0;0;0;0;0
1;0;0;8175;Data;3249152;0;0;0;0;0
1;0;0;8180;Data;3252224;0;0;0;0;0
1;0;0;8185;Data;3255296;0;0;0;0;0
1;0;0;8190;Data;3258368;0;0;0;0;0
1;0;0;8195;Data;3261440;0;0;0;0;0
1;0;0;8200;Data;3264512;0;0;0;0;0
1;0;0;8205;Data;3267584;0;0;0;0;0
1;0;0;8210;Data;3270656;0;0;0;0;0
1;0;0;8215;Data;3273728;0;0;0;0;0
1;0;0;8220;Data;3276800;0;0;0;0;0
1;0;0;8225;Data;3279872;0;0;0;0;0
1;0;0;8230;Data;3282944;0;0;0;0;0
1;0;0;8235;Data;3286016;0;0;0;0;0
1;0;0;8240;Data;3289088;0;0;0;0;0
1;0;0;8245;Data;3292160;0;0;0;0;0
1;0;0;8250;Data;3295232;0;0;0;0;0
1;0;0;8255;Data;3298304;0;0;0;0;0
1;0;0;8260;Data;3301376;0;0;0;0;0
1;0;0;8265;Data;3304448;0;0;0;0;0
1;0;0;8270;Data;3308544;0;0;0;0;0
1;0;0;8275;Data;3311616;0;0;0;0;0
1;0;0;8280;Data;3314688;0;0;0;0;0
1;0;0;8285;Data;3317760;0;0;0;0;0
1;0;0;8290;Data;3320832;0;0;0;0;0
1;0;0;8295;Data;3323904;0;0;0;0;0
1;0;0;8300;Data;3326976;0;0;0;0;0
1;0;0;8305;Data;3330048;0;0;0;0;0
1;0;0;8310;Data;3333120;0;0;0;0;0
1;0;0;8315;Data;3336192;0;0;0;0;0
1;0;0;8320;Data;3339264;0;0;0;0;0
1;0;0;8325;Data;3342336;0;0;0;0;0
1;0;0;8330;Data;3345408;0;0;0;0;0
1;0;0;8335;Data;3348480;0;0;0;0;0
1;0;0;8340;Data;3351552;0;0;0;0;0
1;0;0;8345;Data;3354624;0;0;0;0;0
1;0;0;8350;Data;3357696;0;0;0;0;0
1;0;0;8355;Data;3360768;0;0;0;0;0
1;0;0;8360;Data;3363840;0;0;0;0;0
1;0;0;8365;Data;3366912;0;0;0;0;0
1;0;0;8370;Data;3371008;0;0;0;0;0
1;0;0;8375;Data;3374080;0;0;0;0;0
1;0;0;8380;Data;3377152;0;0;0;0;0
1;0;0;8385;Data;3380224;0;0;0;0;0
1;0;0;8390;Data;3383296;0;0;0;0;0
1;0;0;8395;Data;3386368;0;0;0;0;0
1;0;0;8400;Data;3389440;0;0;0;0;0
1;0;0;8405;Data;3392512;0;0;0;0;0
1;0;0;8410;Data;3395584;0;0;0;0;0
1;0;0;8415;Data;3398656;0;0;0;0;0
1;0;0;8420;Data;3401728;0;0;0;0;0
1;0;0;8425;Data;3404800;0;0;0;0;0
1;0;0;8430;Data;3407872;0;0;0;0;0
1;0;0;8435;Data;3410944;0;0;0;0;0
1;0;0;8440;Data;3414016;0;0;0;0;0
1;0;0;8445;Data;3417088;0;0;0;0;0
1;0;0;8450;Data;3420160;0;0;0;0;0
1;0;0;8455;Data;3423232;0;0;0;0;0
1;0;0;8460;Data;3426304;0;0;0;0;0
1;0;0;8465;Data;3429376;0;0;0;0;0
1;0;0;8470;Data;3433472;0;0;0;0;0
1;0;0;8475;Data;3436544;0;0;0;0;0
1;0;0;8480;Data;3439616;0;0;0;0;0
1;0;0;8485;Data;3442688;0;0;0;0;0
1;0;0;8490;Data;3445760;0;0;0;0;0
1;0;0;8495;Data;3448832;0;0;0;0;0
1;0;0;8500;Data;3451904;0;0;0;0;0
1;0;0;8505;Data;3454976;0;0;0;0;0
1;0;0;8510;Data;3458048;0;0;0;0;0
1;0;0;8515;Data;3461120;0;0;0;0;0
1;0;0;8520;Data;3464192;0;0;0;0;0
1;0;0;8525;Data;3467264;0;0;0;0;0
1;0;0;8530;Data;3470336;0;0;0;0;0
1;0;0;8535;Data;3473408;0;0;0;0;0
1;0;0;8540;Data;3476480;0;0;0;0;0
1;0;0;8545;Data;3479552;0;0;0;0;0
1;0;0;8550;Data;3482624;0;0;0;0;0
1;0;0;8555;Data;3485696;0;0;0;0;0
1;0;0;8560;Data;3488768;0;0;0;0;0
1;0;0;8565;Data;3491840;0;0;0;0;0
1;0;0;8570;Data;3495936;0;0;0;0;0
1;0;0;8575;Data;3499008;0;0;0;0;0
1;0;0;8580;Data;3502080;0;0;0;0;0
1;0;0;8585;Data;3505152;0;0;0;0;0
1;0;0;8590;Data;3508224;0;0;0;0;0
1;0;0;8595;Data;3511296;0;0;0;0;0
1;0;0;8600;Data;3514368;0;0;0;0;0
1;0;0;8605;Data;3517440;0;0;0;0;0
1;0;0;8610;Data;3520512;0;0;0;0;0
1;0;0;8615;Data;3523584;0;0;0;0;0
1;0;0;8620;Data;3526656;0;0;0;0;0
1;0;0;8625;Data;3529728;0;0;0;0;0
1;0;0;8630;Data;3532800;0;0;0;0;0
1;0;0;8635;Data;3535872;0;0;0;0;0
1;0;0;8640;Data;3538944;0;0;0;0;0
1;0;0;8645;Data;3542016;0;0;0;0;0
1;0;0;8650;Data;3545088;0;0;0;0;0
1;0;0;8655;Data;3548160;0;0;0;0;0
1;0;0;8660;Data;3551232;0;0;0;0;0
1;0;0;8665;Data;3554304;0;0;0;0;0
1;0;0;8670;Data;3558400;0;0;0;0;0
1;0;0;8675;Data;3561472;0;0;0;0;0
1;0;0;8680;Data;3564544;0;0;0;0;0
1;0;0;8685;Data;3567616;0;0;0;0;0
1;0;0;8690;Data;3570688;0;0;0;0;0
1;0;0;8695;Data;3573760;0;0;0;0;0
1;0;0;8700;Data;3576832;0;0;0;0;0
1;0;0;8705;Data;3579904;0;0;0;0;0
1;0;0;8710;Data;3582976;0;0;0;0;0
1;0;0;8715;Data;3586048;0;0;0;0;0
1;0;0;8720;Data;3589120;0;0;0;0;0
1;0;0;8725;Data;3592192;0;0;0;0;0
1;0;0;8730;Data;3595264;0;0;0;0;0
1;0;0;8735;Data;3598336;0;0;0;0;0
1;0;0;8740;Data;3601408;0;0;0;0;0
1;0;0;8745;Data;3604480;0;0;0;0;0
1;0;0;8750;Data;3607552;0;0;0;0;0
1;0;0;8755;Data;3610624;0;0;0;0;0
1;0;0;8760;Data;3613696;0;0;0;0;0
1;0;0;8765;Data;3616768;0;0;0;0;0
1;0;0;8770;Data;3620864;0;0;0;0;0
1;0;0;8775;Data;3623936;0;0;0;0;0
1;0;0;8780;Data;3627008;0;0;0;0;0
1;0;0;8785;Data;3630080;0;0;0;0;0
1;0;0;8790;Data;3633152;0;0;0;0;0
1;0;0;8795;Data;3636224;0;0;0;0;0
1;0;0;8800;Data;3639296;0;0;0;0;0
1;0;0;8805;Data;3642368;0;0;0;0;0
1;0;0;8810;Data;3645440;0;0;0;0;0
1;0;0;8815;Data;3648512;0;0;0;0;0
1;0;0;8820;Data;3651584;0;0;0;0;0
1;0;0;8825;Data;3654656;0;0;0;0;0
1;0;0;8830;Data;3657728;0;0;0;0;0
1;0;0;8835;Data;3660800;0;0;0;0;0
1;0;0;8840;Data;3663872;0;0;0;0;0
1;0;0;8845;Data;3666944;0;0;0;0;0
1;0;0;8850;Data;3670016;0;0;0;0;0
1;0;0;8855;Data;3673088;0;0;0;0;0
1;0;0;8860;Data;3676160;0;0;0;0;0
1;0;0;8865;Data;3679232;0;0;0;0;0
1;0;0;8870;Data;3683328;0;0;0;0;0
1;0;0;8875;Data;3686400;0;0;0;0;0
1;0;0;8880;Data;3689472;0;0;0;0;0
1;0;0;8885;Data;3692544;0;0;0;0;0
1;0;0;8890;Data;3695616;0;0;0;0;0
1;0;0;8895;Data;3698688;0;0;0;0;0
1;0;0;8900;Data;3701760;0;0;0;0;0
1;0;0;8905;Data;3704832;0;0;0;0;0
1;0;0;8910;Data;3707904;0;0;0;0;0
1;0;0;8915;Data;3710976;0;0;0;0;0
1;0;0;8920;Data;3714048;0;0;0;0;0
1;0;0;8925;Data;3717120;0;0;0;0;0
1;0;0;8930;Data;3720192;0;0;0;0;0
1;0;0;8935;Data;3723264;0;0;0;0;0
1;0;0;8940;Data;3726336;0;0;0;0;0
1;0;0;8945;Data;3729408;0;0;0;0;0
1;0;0;8950;Data;3732480;0;0;0;0;0
1;0;0;8955;Data;3735552;0;0;0;0;0
1;0;0;8960;Data;3738624;0;0;0;0;0
1;0;0;8965;Data;3741696;0;0;0;0;0
1;0;0;8970;Data;3745792;0;0;0;0;0
1;0;0;8975;Data;3748864;0;0;0;0;0
1;0;0;8980;Data;3751936;0;0;0;0;0
1;0;0;8985;Data;3755008;0;0;0;0;0
1;0;0;8990;Data;3758080;0;0;0;0;0
1;0;0;8995;Data;3761152;0;0;0;0;0
1;0;0;9000;Data;3764224;0;0;0;0;0
1;0;0;9005;Data;3767296;0;0;0;0;0
1;0;0;9010;Data;3770368;0;0;0;0;0
1;0;0;9015;Data;3773440;0;0;0;0;0
1;0;0;9020;Data;3776512;0;0;0;0;0
1;0;0;9025;Data;3779584;0;0;0;0;0
1;0;0;9030;Data;3782656;0;0;0;0;0
1;0;0;9035;Data;3785728;0;0;0;0;0
1;0;0;9040;Data;3788800;0;0;0;0;0
1;0;0;9045;Data;3791872;0;0;0;0;0
1;0;0;9050;Data;3794944;0;0;0;0;0
1;0;0;9055;Data;3798016;0;0;0;0;0
1;0;0;9060;Data;3801088;0;0;0;0;0
1;0;0;9065;Data;3804160;0;0;0;0;0
1;0;0;9070;Data;3808256;0;0;0;0;0
1;0;0;9075;Data;3811328;0;0;0;0;0
1;0;0;9080;Data;3814400;0;0;0;0;0
1;0;0;9085;Data;3817472;0;0;0;0;0
1;0;0;9090;Data;3820544;0;0;0;0;0
1;0;0;9095;Data;3823616;0;0;0;0;0
1;0;0;9100;Data;3826688;0;0;0;0;0
1;0;0;9105;Data;3829760;0;0;0;0;0
1;0;0;9110;Data;3832832;0;0;0;0;0
1;0;0;9115;Data;3835904;0;0;0;0;0
1;0;0;9120;Data;3838976;0;0;0;0;0
1;0;0;9125;Data;3842048;0;0;0;0;0
1;0;0;9130;Data;3845120;0;0;0;0;0
1;0;0;9135;Data;3848192;0;0;0;0;0
1;0;0;9140;Data;3851264;0;0;0;0;0
1;0;0;9145;Data;3854336;0;0;0;0;0
1;0;0;9150;Data;3857408;0;0;0;0;0
1;0;0;9155;Data;3860480;0;0;0;0;0
1;0;0;9160;Data;3863552;0;0;0;0;0
1;0;0;9165;Data;3866624;0;0;0;0;0
1;0;0;9170;Data;3870720;0;0;0;0;0
1;0;0;9175;Data;3873792;0;0;0;0;0
1;0;0;9180;Data;3876864;0;0;0;0;0
1;0;0;9185;Data;3879936;0;0;0;0;0
1;0;0;9190;Data;3883008;0;0;0;0;0
1;0;0;9195;Data;3886080;0;0;0;0;0
1;0;0;9200;Data;3889152;0;0;0;0;0
1;0;0;9205;Data;3892224;0;0;0;0;0
1;0;0;9210;Data;3895296;0;0;0;0;0
1;0;0;9215;Data;3898368;0;0;0;0;0
1;0;0;9220;Data;3901440;0;0;0;0;0
1;0;0;9225;Data;3904512;0;0;0;0;0
1;0;0;9230;Data;3907584;0;0;0;0;0
1;0;0;9235;Data;3910656;0;0;0;0;0
1;0;0;9240;Data;3913728;0;0;0;0;0
1;0;0;9245;Data;3916800;0;0;0;0;0
1;0;0;9250;Data;3919872;0;0;0;0;0
1;0;0;9255;Data;3922944;0;0;0;0;0
1;0;0;9260;Data;3926016;0;0;0;0;0
1;0;0;9265;Data;3929088;0;0;0;0;0
1;0;0;9270;Data;3933184;0;0;0;0;0
1;0;0;9275;Data;3936256;0;0;0;0;0
1;0;0;9280;Data;3939328;0;0;0;0;0
1;0;0;9285;Data;3942400;0;0;0;0;0
1;0;0;9290;Data;3945472;0;0;0;0;0
1;0;0;9295;Data;3948544;0;0;0;0;0
1;0;0;9300;Data;3951616;0;0;0;0;0
1;0;0;9305;Data;3954688;0;0;0;0;0
1;0;0;9310;Data;3957760;0;0;0;0;0
1;0;0;9315;Data;3960832;0;0;0;0;0
1;0;0;9320;Data;3963904;0;0;0;0;0
1;0;0;9325;Data;3966976;0;0;0;0;0
1;0;0;9330;Data;3970048;0;0;0;0;0
1;0;0;9335;Data;3973120;0;0;0;0;0
1;0;0;9340;Data;3976192;0;0;0;0;0
1;0;0;9345;Data;3979264;0;0;0;0;0
1;0;0;9350;Data;3982336;0;0;0;0;0
1;0;0;9355;Data;3985408;0;0;0;0;0
1;0;0;9360;Data;3988480;0;0;0;0;0
1;0;0;9365;Data;3991552;0;0;0;0;0
1;0;0;9370;Data;3995648;0;0;0;0;0
1;0;0;9375;Data;3998720;0;0;0;0;0
1;0;0;9380;Data;4001792;0;0;0;0;0
1;0;0;9385;Data;4004864;0;0;0;0;0
1;0;0;9390;Data;4007936;0;0;0;0;0
1;0;0;9395;Data;4011008;0;0;0;0;0
1;0;0;9400;Data;4014080;0;0;0;0;0
1;0;0;9405;Data;4017152;0;0;0;0;0
1;0;0;9410;Data;4020224;0;0;0;0;0
1;0;0;9415;Data;4023296;0;0;0;0;0
1;0;0;9420;Data;4026368;0;0;0;0;0
1;0;0;9425;Data;4029440;0;0;0;0;0
1;0;0;9430;Data;4032512;0;0;0;0;0
1;0;0;9435;Data;4035584;0;0;0;0;0
1;0;0;9440;Data;4038656;0;0;0;0;0
1;0;0;9445;Data;4041728;0;0;0;0;0
1;0;0;9450;Data;4044800;0;0;0;0;0
1;0;0;9455;Data;4047872;0;0;0;0;0
1;0;0;9460;Data;4050944;0;0;0;0;0
1;0;0;9465;Data;4050944;0;0;0;0;0
1;0;0;9470;Data;4050944;0;0;0;0;0
1;0;0;9475;Data;4050944;0;0;0;0;0
1;0;0;9480;Data;4050944;0;0;0;0;0
1;0;0;9485;Data;4050944;0;0;0;0;0
1;0;0;9490;Data;4050944;0;0;0;0;0
1;0;0;9495;Data;4050944;0;0;0;0;0
1;0;0;9500;Data;4050944;0;0;0;0;0
1;0;0;9505;Data;4050944;0;0;0;0;0
1;0;0;9510;Data;4050944;0;0;0;0;0
1;0;0;9515;Data;4050944;0;0;0;0;0
1;0;0;9520;Data;4050944;0;0;0;0;0
1;0;0;9525;Data;4050944;0;0;0;0;0
1;0;0;9530;Data;4050944;0;0;0;0;0
1;0;0;9535;Data;4050944;0;0;0;0;0
1;0;0;9540;Data;4050944;0;0;0;0;0
1;0;0;9545;Data;4050944;0;0;0;0;0
1;0;0;9550;Data;4050944;0;0;0;0;0
1;0;0;9555;Data;4050944;0;0;0;0;0
1;0;0;9560;Data;4050944;0;0;0;0;0
1;0;0;9565;Data;4050944;0;0;0;0;0
1;0;0;9570;Data;4050944;0;0;0;0;0
1;0;0;9575;Data;4050944;0;0;0;0;0
1;0;0;9580;Data;4050944;0;0;0;0;0
1;0;0;9585;Data;4050944;0;0;0;0;0
1;0;0;9590;Data;4050944;0;0;0;0;0
1;0;0;9595;Data;4050944;0;0;0;0;0
1;0;0;9600;Data;4050944;0;0;0;0;0
1;0;0;9605;Data;4050944;0;0;0;0;0
1;0;0;9610;Data;4050944;0;0;0;0;0
1;0;0;9615;Data;4050944;0;0;0;0;0
1;0;0;9620;Data;4050944;0;0;0;0;0
1;0;0;9625;Data;4050944;0;0;0;0;0
1;0;0;9630;Data;4050944;0;0;0;0;0
1;0;0;9635;Data;4050944;0;0;0;0;0
1;0;0;9640;Data;4050944;0;0;0;0;0
1;0;0;9645;Data;4050944;0;0;0;0;0
1;0;0;9650;Data;4050944;0;0;0;0;0
1;0;0;9655;Data;4050944;0;0;0;0;0
1;0;0;9660;Data;4050944;0;0;0;0;0
1;0;0;9665;Data;4050944;0;0;0;0;0
1;0;0;9670;Data;4050944;0;0;0;0;0
1;0;0;9675;Data;4050944;0;0;0;0;0
1;0;0;9680;Data;4050944;0;0;0;0;0
1;0;0;9685;Data;4050944;0;0;0;0;0
1;0;0;9690;Data;4050944;0;0;0;0;0
1;0;0;9695;Data;4050944;0;0;0;0;0
1;0;0;9700;Data;4050944;0;0;0;0;0
1;0;0;9705;Data;4050944;0;0;0;0;0
1;0;0;9710;Data;4050944;0;0;0;0;0
1;0;0;9715;Data;4050944;0;0;0;0;0
1;0;0;9720;Data;4050944;0;0;0;0;0
1;0;0;9725;Data;4050944;0;0;0;0;0
1;0;0;9730;Data;4050944;0;0;0;0;0
1;0;0;9735;Data;4050944;0;0;0;0;0
1;0;0;9740;Data;4050944;0;0;0;0;0
1;0;0;9745;Data;4050944;0;0;0;0;0
1;0;0;9750;Data;4050944;0;0;0;0;0
1;0;0;9755;Data;4050944;0;0;0;0;0
1;0;0;9760;Data;4050944;0;0;0;0;0
1;0;0;9765;Data;4050944;0;0;0;0;0
1;0;0;9770;Data;4050944;0;0;0;0;0
1;0;0;9775;Data;4050944;0;0;0;0;0
1;0;0;9780;Data;4050944;0;0;0;0;0
1;0;0;9785;Data;4050944;0;0;0;0;0
1;0;0;9790;Data;4050944;0;0;0;0;0
1;0;0;9795;Data;4050944;0;0;0;0;0
1;0;0;9800;Data;4050944;0;0;0;0;0
1;0;0;9805;Data;4050944;0;0;0;0;0
1;0;0;9810;Data;4050944;0;0;0;0;0
1;0;0;9815;Data;4050944;0;0;0;0;0
1;0;0;9820;Data;4050944;0;0;0;0;0
1;0;0;9825;Data;4050944;0;0;0;0;0
1;0;0;9830;Data;4050944;0;0;0;0;0
1;0;0;9835;Data;4050944;0;0;0;0;0
1;0;0;9840;Data;4050944;0;0;0;0;0
1;0;0;9845;Data;4050944;0;0;0;0;0
1;0;0;9850;Data;4050944;0;0;0;0;0
1;0;0;9855;Data;4050944;0;0;0;0;0
1;0;0;9860;Data;4050944;0;0;0;0;0
1;0;0;9865;Data;4050944;0;0;0;0;0
1;0;0;9870;Data;4050944;0;0;0;0;0
1;0;0;9875;Data;4050944;0;0;0;0;0
1;0;0;9880;Data;4050944;0;0;0;0;0
1;0;0;9885;Data;4050944;0;0;0;0;0
1;0;0;9890;Data;4050944;0;0;0;0;0
1;0;0;9895;Data;4050944;0;0;0;0;0
1;0;0;9900;Data;4050944;0;0;0;0;0
1;0;0;9905;Data;4050944;0;0;0;0;0
1;0;0;9910;Data;4050944;0;0;0;0;0
1;0;0;9915;Data;4050944;0;0;0;0;0
1;0;0;9920;Data;4050944;0;0;0;0;0
1;0;0;9925;Data;4050944;0;0;0;0;0
1;0;0;9930;Data;4050944;0;0;0;0;0
1;0;0;9935;Data;4050944;0;0;0;0;0
1;0;0;9940;Data;4050944;0;0;0;0;0
1;0;0;9945;Data;4050944;0;0;0;0;0
1;0;0;9950;Data;4050944;0;0;0;0;0
1;0;0;9955;Data;4050944;0;0;0;0;0
1;0;0;9960;Data;4050944;0;0;0;0;0
1;0;0;9965;Data;4050944;0;0;0;0;0
1;0;0;9970;Data;4050944;0;0;0;0;0
1;0;0;9975;Data;4050944;0;0;0;0;0
1;0;0;9980;Data;4050944;0;0;0;0;0
1;0;0;9985;Data;4050944;0;0;0;0;0
1;0;0;9990;Data;4050944;0;0;0;0;0
1;0;0;9995;Data;4050944;0;0;0;0;0
