0,9,6,17.0016,DIST,BER,0.2,-122.349,0
1,9,6,27.0016,DIST,BER,0.3,-116.79,0
2,9,6,37.0016,DIST,BER,0.4,-112.663,0
3,9,6,47.0016,DIST,BER,0.5,-109.397,0
4,9,6,57.0016,DIST,BER,0.6,-106.7,0
5,9,6,67.0016,DIST,BER,0.7,-104.406,0
6,9,6,77.0016,DIST,BER,0.8,-102.41,0
7,9,6,87.0016,DIST,BER,0.9,-100.646,0
8,9,6,97.0016,DIST,BER,1,-99.0643,0
9,9,6,107.002,DIST,BER,1.1,-97.6317,0
10,9,6,117.002,DIST,BER,1.2,-96.3225,0
11,9,6,127.002,DIST,BER,1.3,-95.1171,0
12,9,6,137.002,DIST,BER,1.4,-94.0004,0
13,9,6,147.002,DIST,BER,1.5,-92.9603,0
14,9,6,157.002,DIST,BER,1.6,-91.9869,0
15,9,6,167.002,DIST,BER,1.7,-91.0722,0
16,9,6,177.002,DIST,BER,1.8,-90.2095,0
17,9,6,187.002,DIST,BER,1.9,-89.3933,0
18,9,6,197.002,DIST,BER,2,-88.6188,0
19,9,6,207.002,DIST,BER,2.1,-87.882,0
20,9,6,217.002,DIST,BER,2.2,-87.1793,0
21,9,6,227.002,DIST,BER,2.3,-86.5078,0
22,9,6,237.002,DIST,BER,2.4,-85.8647,0
23,9,6,247.002,DIST,BER,2.5,-85.2479,0
24,9,6,258.002,DIST,BER,2.6,-84.6551,0
25,9,6,268.002,DIST,BER,2.7,-84.0847,0
26,9,6,278.002,DIST,BER,2.8,-83.535,0
27,9,6,288.002,DIST,BER,2.9,-83.0046,0
28,9,6,298.002,DIST,BER,3,-82.4921,0
29,9,6,308.002,DIST,BER,3.1,-81.9964,0
30,9,6,318.002,DIST,BER,3.2,-81.5163,0
31,9,6,328.002,DIST,BER,3.3,-81.0511,0
32,9,6,338.002,DIST,BER,3.4,-80.5997,0
33,9,6,348.002,DIST,BER,3.5,-80.1613,0
34,9,6,358.002,DIST,BER,3.6,-79.7353,0
35,9,6,368.002,DIST,BER,3.7,-79.3209,0
36,9,6,378.002,DIST,BER,3.8,-78.9176,0
37,9,6,388.002,DIST,BER,3.9,-78.5248,0
38,9,6,398.002,DIST,BER,4,-78.1418,0
39,9,6,408.002,DIST,BER,4.1,-77.7683,0
40,9,6,418.002,DIST,BER,4.2,-77.4038,0
41,9,6,428.002,DIST,BER,4.3,-77.0479,0
42,9,6,438.002,DIST,BER,4.4,-76.7002,0
43,9,6,448.002,DIST,BER,4.5,-76.3602,0
44,9,6,458.002,DIST,BER,4.6,-76.0277,0
45,9,6,468.002,DIST,BER,4.7,-75.7024,0
46,9,6,478.002,DIST,BER,4.8,-75.3839,0
47,9,6,488.002,DIST,BER,4.9,-75.0719,0
48,9,6,498.002,DIST,BER,5,-74.7663,0
49,9,6,508.002,DIST,BER,5.1,-74.4667,0
50,9,6,518.002,DIST,BER,5.2,-74.1729,0
51,9,6,528.002,DIST,BER,5.3,-73.8847,0
52,9,6,538.002,DIST,BER,5.4,-73.6018,0
53,9,6,548.002,DIST,BER,5.5,-73.3242,0
54,9,6,558.002,DIST,BER,5.6,-73.0516,0
55,9,6,568.002,DIST,BER,5.7,-72.7837,0
56,9,6,578.002,DIST,BER,5.8,-72.5206,0
57,9,6,588.002,DIST,BER,5.9,-72.2619,0
58,9,6,598.002,DIST,BER,6,-72.0076,0
59,9,6,608.002,DIST,BER,6.1,-71.7574,0
60,9,6,618.002,DIST,BER,6.2,-71.5114,0
61,9,6,628.002,DIST,BER,6.3,-71.2692,0
62,9,6,638.002,DIST,BER,6.4,-71.0309,0
63,9,6,648.002,DIST,BER,6.5,-70.7963,0
64,9,6,658.002,DIST,BER,6.6,-70.5652,0
65,9,6,668.002,DIST,BER,6.7,-70.3376,0
66,9,6,678.002,DIST,BER,6.8,-70.1134,0
67,9,6,688.002,DIST,BER,6.9,-69.8925,0
68,9,6,698.002,DIST,BER,7,-69.6747,0
69,9,6,708.002,DIST,BER,7.1,-69.46,0
70,9,6,718.002,DIST,BER,7.2,-69.2483,0
71,9,6,728.002,DIST,BER,7.3,-69.0396,0
72,9,6,738.002,DIST,BER,7.4,-68.8337,0
73,9,6,748.002,DIST,BER,7.5,-68.6305,0
74,9,6,758.002,DIST,BER,7.6,-68.43,0
75,9,6,768.002,DIST,BER,7.7,-68.2322,0
76,9,6,778.002,DIST,BER,7.8,-68.0368,0
77,9,6,788.002,DIST,BER,7.9,-67.844,0
78,9,6,798.002,DIST,BER,8,-67.6536,0
79,9,6,808.002,DIST,BER,8.1,-67.4656,0
80,9,6,818.002,DIST,BER,8.2,-67.2799,0
81,9,6,828.002,DIST,BER,8.3,-67.0964,0
82,9,6,838.002,DIST,BER,8.4,-66.9151,0
83,9,6,848.002,DIST,BER,8.5,-66.7359,0
84,9,6,858.002,DIST,BER,8.6,-66.5589,0
85,9,6,868.002,DIST,BER,8.7,-66.3839,0
86,9,6,878.002,DIST,BER,8.8,-66.2109,0
87,9,6,888.002,DIST,BER,8.9,-66.0398,0
88,9,6,898.002,DIST,BER,9,-65.8707,0
89,9,6,908.002,DIST,BER,9.1,-65.7034,0
90,9,6,918.002,DIST,BER,9.2,-65.538,0
91,9,6,928.002,DIST,BER,9.3,-65.3743,0
92,9,6,938.002,DIST,BER,9.4,-65.2124,0
93,9,6,948.002,DIST,BER,9.5,-65.0522,0
94,9,6,958.002,DIST,BER,9.6,-64.8936,0
95,9,6,968.002,DIST,BER,9.7,-64.7368,0
96,9,6,978.002,DIST,BER,9.8,-64.5815,0
97,9,6,988.002,DIST,BER,9.9,-64.4278,0
98,9,6,998.002,DIST,BER,10,-64.2756,0
99,9,6,1008,DIST,BER,10.1,-64.125,0
100,9,6,1018,DIST,BER,10.2,-63.9758,0
101,9,6,1028,DIST,BER,10.3,-63.8281,0
102,9,6,1038,DIST,BER,10.4,-63.6818,0
103,9,6,1048,DIST,BER,10.5,-63.5369,0
104,9,6,1058,DIST,BER,10.6,-63.3934,0
105,9,6,1068,DIST,BER,10.7,-63.2512,0
106,9,6,1078,DIST,BER,10.8,-63.1104,0
107,9,6,1088,DIST,BER,10.9,-62.9708,0
108,9,6,1098,DIST,BER,11,-62.8326,0
109,9,6,1108,DIST,BER,11.1,-62.6955,0
110,9,6,1118,DIST,BER,11.2,-62.5597,0
111,9,6,1128,DIST,BER,11.3,-62.4252,0
112,9,6,1138,DIST,BER,11.4,-62.2917,0
113,9,6,1148,DIST,BER,11.5,-62.1595,0
114,9,6,1158,DIST,BER,11.6,-62.0284,0
115,9,6,1168,DIST,BER,11.7,-61.8984,0
116,9,6,1178,DIST,BER,11.8,-61.7696,0
117,9,6,1188,DIST,BER,11.9,-61.6418,0
118,9,6,1198,DIST,BER,12,-61.5151,0
119,9,6,1208,DIST,BER,12.1,-61.3894,0
120,9,6,1218,DIST,BER,12.2,-61.2648,0
121,9,6,1228,DIST,BER,12.3,-61.1411,0
122,9,6,1238,DIST,BER,12.4,-61.0185,0
123,9,6,1248,DIST,BER,12.5,-60.8969,0
124,9,6,1258,DIST,BER,12.6,-60.7762,0
125,9,6,1268,DIST,BER,12.7,-60.6565,0
126,9,6,1278,DIST,BER,12.8,-60.5377,0
127,9,6,1288,DIST,BER,12.9,-60.4199,0
128,9,6,1298,DIST,BER,13,-60.303,0
129,9,6,1308,DIST,BER,13.1,-60.1869,0
130,9,6,1318,DIST,BER,13.2,-60.0717,0
131,9,6,1328,DIST,BER,13.3,-59.9575,0
132,9,6,1338,DIST,BER,13.4,-59.844,0
133,9,6,1348,DIST,BER,13.5,-59.7314,0
134,9,6,1358,DIST,BER,13.6,-59.6196,0
135,9,6,1368,DIST,BER,13.7,-59.5087,0
136,9,6,1378,DIST,BER,13.8,-59.3986,0
137,9,6,1388,DIST,BER,13.9,-59.2892,0
138,9,6,1398,DIST,BER,14,-59.1806,0
139,9,6,1408,DIST,BER,14.1,-59.0728,0
140,9,6,1418,DIST,BER,14.2,-58.9658,0
141,9,6,1428,DIST,BER,14.3,-58.8595,0
142,9,6,1438,DIST,BER,14.4,-58.754,0
143,9,6,1448,DIST,BER,14.5,-58.6492,0
144,9,6,1458,DIST,BER,14.6,-58.5451,0
145,9,6,1468,DIST,BER,14.7,-58.4417,0
146,9,6,1478,DIST,BER,14.8,-58.339,0
147,9,6,1488,DIST,BER,14.9,-58.237,0
148,9,6,1498,DIST,BER,15,-58.1357,0
149,9,6,1508,DIST,BER,15.1,-58.0351,0
150,9,6,1518,DIST,BER,15.2,-57.9351,0
151,9,6,1528,DIST,BER,15.3,-57.8358,0
152,9,6,1538,DIST,BER,15.4,-57.7371,0
153,9,6,1548,DIST,BER,15.5,-57.6391,0
154,9,6,1558,DIST,BER,15.6,-57.5417,0
155,9,6,1568,DIST,BER,15.7,-57.4449,0
156,9,6,1578,DIST,BER,15.8,-57.3487,0
157,9,6,1588,DIST,BER,15.9,-57.2531,0
158,9,6,1598,DIST,BER,16,-57.1582,0
159,9,6,1608,DIST,BER,16.1,-57.0638,0
160,9,6,1618,DIST,BER,16.2,-56.97,0
161,9,6,1628,DIST,BER,16.3,-56.8768,0
162,9,6,1638,DIST,BER,16.4,-56.7842,0
163,9,6,1648,DIST,BER,16.5,-56.6921,0
164,9,6,1658,DIST,BER,16.6,-56.6005,0
165,9,6,1668,DIST,BER,16.7,-56.5096,0
166,9,6,1678,DIST,BER,16.8,-56.4191,0
167,9,6,1688,DIST,BER,16.9,-56.3292,0
168,9,6,1698,DIST,BER,17,-56.2399,0
169,9,6,1708,DIST,BER,17.1,-56.151,0
170,9,6,1718,DIST,BER,17.2,-56.0627,0
171,9,6,1728,DIST,BER,17.3,-55.9749,0
172,9,6,1738,DIST,BER,17.4,-55.8876,0
173,9,6,1748,DIST,BER,17.5,-55.8007,0
174,9,6,1758,DIST,BER,17.6,-55.7144,0
175,9,6,1768,DIST,BER,17.7,-55.6286,0
176,9,6,1778,DIST,BER,17.8,-55.5433,0
177,9,6,1788,DIST,BER,17.9,-55.4584,0
178,9,6,1798,DIST,BER,18,-55.374,0
179,9,6,1808,DIST,BER,18.1,-55.2901,0
180,9,6,1818,DIST,BER,18.2,-55.2066,0
181,9,6,1828,DIST,BER,18.3,-55.1236,0
182,9,6,1838,DIST,BER,18.4,-55.041,0
183,9,6,1848,DIST,BER,18.5,-54.9589,0
184,9,6,1858,DIST,BER,18.6,-54.8772,0
185,9,6,1868,DIST,BER,18.7,-54.796,0
186,9,6,1878,DIST,BER,18.8,-54.7152,0
187,9,6,1888,DIST,BER,18.9,-54.6348,0
188,9,6,1898,DIST,BER,19,-54.5549,0
189,9,6,1908,DIST,BER,19.1,-54.4754,0
190,9,6,1918,DIST,BER,19.2,-54.3963,0
191,9,6,1928,DIST,BER,19.3,-54.3176,0
192,9,6,1938,DIST,BER,19.4,-54.2393,0
193,9,6,1948,DIST,BER,19.5,-54.1614,0
194,9,6,1958,DIST,BER,19.6,-54.0839,0
195,9,6,1968,DIST,BER,19.7,-54.0068,0
196,9,6,1978,DIST,BER,19.8,-53.9301,0
197,9,6,1988,DIST,BER,19.9,-53.8537,0
198,9,6,1998,DIST,BER,20,-53.7778,0
199,9,6,2008,DIST,BER,20.1,-53.7022,0
200,9,6,2018,DIST,BER,20.2,-53.627,0
201,9,6,2028,DIST,BER,20.3,-53.5522,0
202,9,6,2038,DIST,BER,20.4,-53.4777,0
203,9,6,2048,DIST,BER,20.5,-53.4037,0
204,9,6,2058,DIST,BER,20.6,-53.3299,0
205,9,6,2068,DIST,BER,20.7,-53.2566,0
206,9,6,2078,DIST,BER,20.8,-53.1835,0
207,9,6,2088,DIST,BER,20.9,-53.1109,0
208,9,6,2098,DIST,BER,21,-53.0385,0
209,9,6,2108,DIST,BER,21.1,-52.9666,0
210,9,6,2118,DIST,BER,21.2,-52.8949,0
211,9,6,2128,DIST,BER,21.3,-52.8236,0
212,9,6,2138,DIST,BER,21.4,-52.7526,0
213,9,6,2148,DIST,BER,21.5,-52.682,0
214,9,6,2158,DIST,BER,21.6,-52.6117,0
215,9,6,2168,DIST,BER,21.7,-52.5417,0
216,9,6,2178,DIST,BER,21.8,-52.472,0
217,9,6,2188,DIST,BER,21.9,-52.4027,0
218,9,6,2198,DIST,BER,22,-52.3337,0
219,9,6,2208,DIST,BER,22.1,-52.2649,0
220,9,6,2218,DIST,BER,22.2,-52.1965,0
221,9,6,2228,DIST,BER,22.3,-52.1284,0
222,9,6,2238,DIST,BER,22.4,-52.0606,0
223,9,6,2248,DIST,BER,22.5,-51.9931,0
224,9,6,2253,DIST,BER,22.6,-51.9259,0
225,9,6,2263,DIST,BER,22.7,-51.859,0
226,9,6,2273,DIST,BER,22.8,-51.7924,0
227,9,6,2283,DIST,BER,22.9,-51.7261,0
228,9,6,2293,DIST,BER,23,-51.6601,0
229,9,6,2303,DIST,BER,23.1,-51.5943,0
230,9,6,2313,DIST,BER,23.2,-51.5289,0
231,9,6,2323,DIST,BER,23.3,-51.4637,0
232,9,6,2333,DIST,BER,23.4,-51.3988,0
233,9,6,2343,DIST,BER,23.5,-51.3342,0
234,9,6,2353,DIST,BER,23.6,-51.2698,0
235,9,6,2363,DIST,BER,23.7,-51.2057,0
236,9,6,2373,DIST,BER,23.8,-51.1419,0
237,9,6,2383,DIST,BER,23.9,-51.0784,0
238,9,6,2393,DIST,BER,24,-51.0151,0
239,9,6,2403,DIST,BER,24.1,-50.9521,0
240,9,6,2413,DIST,BER,24.2,-50.8894,0
241,9,6,2423,DIST,BER,24.3,-50.8269,0
242,9,6,2433,DIST,BER,24.4,-50.7646,0
243,9,6,2443,DIST,BER,24.5,-50.7026,0
244,9,6,2453,DIST,BER,24.6,-50.6409,0
245,9,6,2463,DIST,BER,24.7,-50.5794,0
246,9,6,2473,DIST,BER,24.8,-50.5182,0
247,9,6,2483,DIST,BER,24.9,-50.4572,0
248,9,6,2493,DIST,BER,25,-50.3965,0
249,9,6,2503,DIST,BER,25.1,-50.336,0
250,9,6,2513,DIST,BER,25.2,-50.2757,0
251,9,6,2523,DIST,BER,25.3,-50.2157,0
252,9,6,2533,DIST,BER,25.4,-50.1559,0
253,9,6,2543,DIST,BER,25.5,-50.0963,0
254,9,6,2553,DIST,BER,25.6,-50.037,0
255,9,6,2563,DIST,BER,25.7,-49.9779,0
256,9,6,2573,DIST,BER,25.8,-49.9191,0
257,9,6,2583,DIST,BER,25.9,-49.8605,0
258,9,6,2593,DIST,BER,26,-49.802,0
259,9,6,2603,DIST,BER,26.1,-49.7439,0
260,9,6,2613,DIST,BER,26.2,-49.6859,0
261,9,6,2623,DIST,BER,26.3,-49.6282,0
262,9,6,2633,DIST,BER,26.4,-49.5707,0
263,9,6,2643,DIST,BER,26.5,-49.5133,0
264,9,6,2653,DIST,BER,26.6,-49.4563,0
265,9,6,2663,DIST,BER,26.7,-49.3994,0
266,9,6,2673,DIST,BER,26.8,-49.3427,0
267,9,6,2683,DIST,BER,26.9,-49.2863,0
268,9,6,2693,DIST,BER,27,-49.23,0
269,9,6,2703,DIST,BER,27.1,-49.174,0
270,9,6,2713,DIST,BER,27.2,-49.1182,0
271,9,6,2723,DIST,BER,27.3,-49.0626,0
272,9,6,2733,DIST,BER,27.4,-49.0071,0
273,9,6,2743,DIST,BER,27.5,-48.9519,0
274,9,6,2753,DIST,BER,27.6,-48.8969,0
275,9,6,2763,DIST,BER,27.7,-48.8421,0
276,9,6,2773,DIST,BER,27.8,-48.7875,0
277,9,6,2783,DIST,BER,27.9,-48.733,0
278,9,6,2793,DIST,BER,28,-48.6788,0
279,9,6,2803,DIST,BER,28.1,-48.6248,0
280,9,6,2813,DIST,BER,28.2,-48.5709,0
281,9,6,2823,DIST,BER,28.3,-48.5173,0
282,9,6,2833,DIST,BER,28.4,-48.4638,0
283,9,6,2843,DIST,BER,28.5,-48.4105,0
284,9,6,2853,DIST,BER,28.6,-48.3574,0
285,9,6,2863,DIST,BER,28.7,-48.3045,0
286,9,6,2873,DIST,BER,28.8,-48.2518,0
287,9,6,2883,DIST,BER,28.9,-48.1992,0
288,9,6,2893,DIST,BER,29,-48.1469,0
289,9,6,2903,DIST,BER,29.1,-48.0947,0
290,9,6,2913,DIST,BER,29.2,-48.0427,0
291,9,6,2923,DIST,BER,29.3,-47.9909,0
292,9,6,2933,DIST,BER,29.4,-47.9392,0
293,9,6,2943,DIST,BER,29.5,-47.8878,0
294,9,6,2953,DIST,BER,29.6,-47.8365,0
295,9,6,2963,DIST,BER,29.7,-47.7853,0
296,9,6,2973,DIST,BER,29.8,-47.7344,0
297,9,6,2983,DIST,BER,29.9,-47.6836,0
298,9,6,2993,DIST,BER,30,-47.633,0
299,9,6,3003,DIST,BER,30.1,-47.5825,0
300,9,6,3013,DIST,BER,30.2,-47.5322,0
301,9,6,3023,DIST,BER,30.3,-47.4821,0
302,9,6,3033,DIST,BER,30.4,-47.4322,0
303,9,6,3043,DIST,BER,30.5,-47.3824,0
304,9,6,3053,DIST,BER,30.6,-47.3328,0
305,9,6,3063,DIST,BER,30.7,-47.2833,0
306,9,6,3073,DIST,BER,30.8,-47.234,0
307,9,6,3083,DIST,BER,30.9,-47.1849,0
308,9,6,3093,DIST,BER,31,-47.1359,0
309,9,6,3103,DIST,BER,31.1,-47.0871,0
310,9,6,3113,DIST,BER,31.2,-47.0384,0
311,9,6,3123,DIST,BER,31.3,-46.9899,0
312,9,6,3133,DIST,BER,31.4,-46.9415,0
313,9,6,3143,DIST,BER,31.5,-46.8933,0
314,9,6,3153,DIST,BER,31.6,-46.8453,0
315,9,6,3163,DIST,BER,31.7,-46.7974,0
316,9,6,3173,DIST,BER,31.8,-46.7496,0
317,9,6,3183,DIST,BER,31.9,-46.702,0
318,9,6,3193,DIST,BER,32,-46.6546,0
319,9,6,3203,DIST,BER,32.1,-46.6073,0
320,9,6,3213,DIST,BER,32.2,-46.5601,0
321,9,6,3223,DIST,BER,32.3,-46.5131,0
322,9,6,3233,DIST,BER,32.4,-46.4662,0
323,9,6,3243,DIST,BER,32.5,-46.4195,0
324,9,6,3253,DIST,BER,32.6,-46.3729,0
325,9,6,3263,DIST,BER,32.7,-46.3265,0
326,9,6,3273,DIST,BER,32.8,-46.2802,0
327,9,6,3283,DIST,BER,32.9,-46.234,0
328,9,6,3293,DIST,BER,33,-46.188,0
329,9,6,3303,DIST,BER,33.1,-46.1422,0
330,9,6,3313,DIST,BER,33.2,-46.0964,0
331,9,6,3323,DIST,BER,33.3,-46.0508,0
332,9,6,3333,DIST,BER,33.4,-46.0054,0
333,9,6,3343,DIST,BER,33.5,-45.96,0
334,9,6,3353,DIST,BER,33.6,-45.9148,0
335,9,6,3363,DIST,BER,33.7,-45.8698,0
336,9,6,3373,DIST,BER,33.8,-45.8249,0
337,9,6,3383,DIST,BER,33.9,-45.7801,0
338,9,6,3393,DIST,BER,34,-45.7354,0
339,9,6,3403,DIST,BER,34.1,-45.6909,0
340,9,6,3413,DIST,BER,34.2,-45.6465,0
341,9,6,3423,DIST,BER,34.3,-45.6022,0
342,9,6,3433,DIST,BER,34.4,-45.5581,0
343,9,6,3443,DIST,BER,34.5,-45.514,0
344,9,6,3453,DIST,BER,34.6,-45.4702,0
345,9,6,3463,DIST,BER,34.7,-45.4264,0
346,9,6,3473,DIST,BER,34.8,-45.3828,0
347,9,6,3483,DIST,BER,34.9,-45.3393,0
348,9,6,3493,DIST,BER,35,-45.2959,0
349,9,6,3503,DIST,BER,35.1,-45.2526,0
350,9,6,3513,DIST,BER,35.2,-45.2095,0
351,9,6,3523,DIST,BER,35.3,-45.1665,0
352,9,6,3533,DIST,BER,35.4,-45.1236,0
353,9,6,3543,DIST,BER,35.5,-45.0808,0
354,9,6,3553,DIST,BER,35.6,-45.0381,0
355,9,6,3563,DIST,BER,35.7,-44.9956,0
356,9,6,3573,DIST,BER,35.8,-44.9532,0
357,9,6,3583,DIST,BER,35.9,-44.9109,0
358,9,6,3593,DIST,BER,36,-44.8687,0
359,9,6,3603,DIST,BER,36.1,-44.8266,0
360,9,6,3613,DIST,BER,36.2,-44.7847,0
361,9,6,3623,DIST,BER,36.3,-44.7429,0
362,9,6,3633,DIST,BER,36.4,-44.7011,0
363,9,6,3643,DIST,BER,36.5,-44.6595,0
364,9,6,3653,DIST,BER,36.6,-44.6181,0
365,9,6,3663,DIST,BER,36.7,-44.5767,0
366,9,6,3673,DIST,BER,36.8,-44.5354,0
367,9,6,3683,DIST,BER,36.9,-44.4943,0
368,9,6,3693,DIST,BER,37,-44.4532,0
369,9,6,3703,DIST,BER,37.1,-44.4123,0
370,9,6,3713,DIST,BER,37.2,-44.3715,0
371,9,6,3723,DIST,BER,37.3,-44.3308,0
372,9,6,3733,DIST,BER,37.4,-44.2902,0
373,9,6,3743,DIST,BER,37.5,-44.2497,0
374,9,6,3753,DIST,BER,37.6,-44.2093,0
375,9,6,3763,DIST,BER,37.7,-44.169,0
376,9,6,3773,DIST,BER,37.8,-44.1288,0
377,9,6,3783,DIST,BER,37.9,-44.0888,0
378,9,6,3793,DIST,BER,38,-44.0488,0
379,9,6,3803,DIST,BER,38.1,-44.009,0
380,9,6,3813,DIST,BER,38.2,-43.9692,0
381,9,6,3823,DIST,BER,38.3,-43.9296,0
382,9,6,3833,DIST,BER,38.4,-43.89,0
383,9,6,3843,DIST,BER,38.5,-43.8506,0
384,9,6,3853,DIST,BER,38.6,-43.8112,0
385,9,6,3863,DIST,BER,38.7,-43.772,0
386,9,6,3873,DIST,BER,38.8,-43.7328,0
387,9,6,3883,DIST,BER,38.9,-43.6938,0
388,9,6,3893,DIST,BER,39,-43.6549,0
389,9,6,3903,DIST,BER,39.1,-43.616,0
390,9,6,3913,DIST,BER,39.2,-43.5773,0
391,9,6,3923,DIST,BER,39.3,-43.5387,0
392,9,6,3933,DIST,BER,39.4,-43.5001,0
393,9,6,3943,DIST,BER,39.5,-43.4617,0
394,9,6,3953,DIST,BER,39.6,-43.4233,0
395,9,6,3963,DIST,BER,39.7,-43.3851,0
396,9,6,3973,DIST,BER,39.8,-43.3469,0
397,9,6,3983,DIST,BER,39.9,-43.3089,0
398,9,6,3993,DIST,BER,40,-43.2709,0
399,9,6,4003,DIST,BER,40.1,-43.233,0
400,9,6,4013,DIST,BER,40.2,-43.1953,0
401,9,6,4023,DIST,BER,40.3,-43.1576,0
402,9,6,4033,DIST,BER,40.4,-43.12,0
403,9,6,4043,DIST,BER,40.5,-43.0825,0
404,9,6,4053,DIST,BER,40.6,-43.0451,0
405,9,6,4063,DIST,BER,40.7,-43.0078,0
406,9,6,4073,DIST,BER,40.8,-42.9706,0
407,9,6,4083,DIST,BER,40.9,-42.9334,0
408,9,6,4093,DIST,BER,41,-42.8964,0
409,9,6,4103,DIST,BER,41.1,-42.8594,0
410,9,6,4113,DIST,BER,41.2,-42.8226,0
411,9,6,4123,DIST,BER,41.3,-42.7858,0
412,9,6,4133,DIST,BER,41.4,-42.7491,0
413,9,6,4143,DIST,BER,41.5,-42.7125,0
414,9,6,4153,DIST,BER,41.6,-42.676,0
415,9,6,4163,DIST,BER,41.7,-42.6396,0
416,9,6,4173,DIST,BER,41.8,-42.6033,0
417,9,6,4183,DIST,BER,41.9,-42.567,0
418,9,6,4193,DIST,BER,42,-42.5309,0
419,9,6,4203,DIST,BER,42.1,-42.4948,0
420,9,6,4213,DIST,BER,42.2,-42.4588,0
421,9,6,4223,DIST,BER,42.3,-42.4229,0
422,9,6,4233,DIST,BER,42.4,-42.3871,0
423,9,6,4243,DIST,BER,42.5,-42.3514,0
424,9,6,4253,DIST,BER,42.6,-42.3157,0
425,9,6,4263,DIST,BER,42.7,-42.2802,0
426,9,6,4273,DIST,BER,42.8,-42.2447,0
427,9,6,4283,DIST,BER,42.9,-42.2093,0
428,9,6,4293,DIST,BER,43,-42.174,0
429,9,6,4303,DIST,BER,43.1,-42.1387,0
430,9,6,4313,DIST,BER,43.2,-42.1036,0
431,9,6,4323,DIST,BER,43.3,-42.0685,0
432,9,6,4333,DIST,BER,43.4,-42.0335,0
433,9,6,4343,DIST,BER,43.5,-41.9986,0
434,9,6,4353,DIST,BER,43.6,-41.9638,0
435,9,6,4363,DIST,BER,43.7,-41.929,0
436,9,6,4373,DIST,BER,43.8,-41.8943,0
437,9,6,4383,DIST,BER,43.9,-41.8598,0
438,9,6,4393,DIST,BER,44,-41.8252,0
439,9,6,4403,DIST,BER,44.1,-41.7908,0
440,9,6,4413,DIST,BER,44.2,-41.7564,0
441,9,6,4423,DIST,BER,44.3,-41.7222,0
442,9,6,4433,DIST,BER,44.4,-41.688,0
443,9,6,4443,DIST,BER,44.5,-41.6538,0
444,9,6,4453,DIST,BER,44.6,-41.6198,0
445,9,6,4463,DIST,BER,44.7,-41.5858,0
446,9,6,4473,DIST,BER,44.8,-41.5519,0
447,9,6,4483,DIST,BER,44.9,-41.5181,0
448,9,6,4493,DIST,BER,45,-41.4843,0
449,9,6,4503,DIST,BER,45.1,-41.4507,0
450,9,6,4513,DIST,BER,45.2,-41.4171,0
451,9,6,4523,DIST,BER,45.3,-41.3835,0
452,9,6,4533,DIST,BER,45.4,-41.3501,0
453,9,6,4543,DIST,BER,45.5,-41.3167,0
454,9,6,4553,DIST,BER,45.6,-41.2834,0
455,9,6,4563,DIST,BER,45.7,-41.2502,0
456,9,6,4573,DIST,BER,45.8,-41.217,0
457,9,6,4583,DIST,BER,45.9,-41.1839,0
458,9,6,4593,DIST,BER,46,-41.1509,0
459,9,6,4603,DIST,BER,46.1,-41.118,0
460,9,6,4613,DIST,BER,46.2,-41.0851,0
461,9,6,4623,DIST,BER,46.3,-41.0523,0
462,9,6,4633,DIST,BER,46.4,-41.0196,0
463,9,6,4643,DIST,BER,46.5,-40.9869,0
464,9,6,4653,DIST,BER,46.6,-40.9543,0
465,9,6,4663,DIST,BER,46.7,-40.9218,0
466,9,6,4673,DIST,BER,46.8,-40.8893,0
467,9,6,4683,DIST,BER,46.9,-40.8569,0
468,9,6,4693,DIST,BER,47,-40.8246,0
469,9,6,4703,DIST,BER,47.1,-40.7924,0
470,9,6,4713,DIST,BER,47.2,-40.7602,0
471,9,6,4723,DIST,BER,47.3,-40.7281,0
472,9,6,4733,DIST,BER,47.4,-40.6961,0
473,9,6,4743,DIST,BER,47.5,-40.6641,0
474,9,6,4753,DIST,BER,47.6,-40.6322,0
475,9,6,4763,DIST,BER,47.7,-40.6003,0
476,9,6,4773,DIST,BER,47.8,-40.5686,0
477,9,6,4783,DIST,BER,47.9,-40.5369,0
478,9,6,4793,DIST,BER,48,-40.5052,0
479,9,6,4803,DIST,BER,48.1,-40.4736,0
480,9,6,4813,DIST,BER,48.2,-40.4421,0
481,9,6,4823,DIST,BER,48.3,-40.4107,0
482,9,6,4833,DIST,BER,48.4,-40.3793,0
483,9,6,4843,DIST,BER,48.5,-40.348,0
484,9,6,4853,DIST,BER,48.6,-40.3167,0
485,9,6,4863,DIST,BER,48.7,-40.2856,0
486,9,6,4873,DIST,BER,48.8,-40.2544,0
487,9,6,4883,DIST,BER,48.9,-40.2234,0
488,9,6,4893,DIST,BER,49,-40.1924,0
489,9,6,4903,DIST,BER,49.1,-40.1614,0
490,9,6,4913,DIST,BER,49.2,-40.1306,0
491,9,6,4923,DIST,BER,49.3,-40.0998,0
492,9,6,4933,DIST,BER,49.4,-40.069,0
493,9,6,4943,DIST,BER,49.5,-40.0383,0
494,9,6,4953,DIST,BER,49.6,-40.0077,0
495,9,6,4963,DIST,BER,49.7,-39.9771,0
496,9,6,4973,DIST,BER,49.8,-39.9467,0
497,9,6,4983,DIST,BER,49.9,-39.9162,0
498,9,6,4993,DIST,BER,49.9,-39.9162,0
499,9,6,5003,DIST,BER,49.9,-39.9162,0


0,9,6,10,DIST,SINRdB,0.2,138.819,0
0,9,6,17.0016,DIST,SINRdB,0.2,138.819,0
1,9,6,20,DIST,SINRdB,0.3,132.431,0
1,9,6,27.0016,DIST,SINRdB,0.3,132.431,0
2,9,6,30,DIST,SINRdB,0.4,127.689,0
2,9,6,37.0016,DIST,SINRdB,0.4,127.689,0
3,9,6,40,DIST,SINRdB,0.5,123.936,0
3,9,6,47.0016,DIST,SINRdB,0.5,123.936,0
4,9,6,50,DIST,SINRdB,0.6,120.837,0
4,9,6,57.0016,DIST,SINRdB,0.6,120.837,0
5,9,6,60,DIST,SINRdB,0.7,118.201,0
5,9,6,67.0016,DIST,SINRdB,0.7,118.201,0
6,9,6,70,DIST,SINRdB,0.8,115.909,0
6,9,6,77.0016,DIST,SINRdB,0.8,115.909,0
7,9,6,80,DIST,SINRdB,0.9,113.882,0
7,9,6,87.0016,DIST,SINRdB,0.9,113.882,0
8,9,6,90,DIST,SINRdB,1,112.065,0
8,9,6,97.0016,DIST,SINRdB,1,112.065,0
9,9,6,100,DIST,SINRdB,1.1,110.419,0
9,9,6,107.002,DIST,SINRdB,1.1,110.419,0
10,9,6,110,DIST,SINRdB,1.2,108.915,0
10,9,6,117.002,DIST,SINRdB,1.2,108.915,0
11,9,6,120,DIST,SINRdB,1.3,107.531,0
11,9,6,127.002,DIST,SINRdB,1.3,107.531,0
12,9,6,130,DIST,SINRdB,1.4,106.248,0
12,9,6,137.002,DIST,SINRdB,1.4,106.248,0
13,9,6,140,DIST,SINRdB,1.5,105.054,0
13,9,6,147.002,DIST,SINRdB,1.5,105.054,0
14,9,6,150,DIST,SINRdB,1.6,103.936,0
14,9,6,157.002,DIST,SINRdB,1.6,103.936,0
15,9,6,160,DIST,SINRdB,1.7,102.885,0
15,9,6,167.002,DIST,SINRdB,1.7,102.885,0
16,9,6,170,DIST,SINRdB,1.8,101.894,0
16,9,6,177.002,DIST,SINRdB,1.8,101.894,0
17,9,6,180,DIST,SINRdB,1.9,100.957,0
17,9,6,187.002,DIST,SINRdB,1.9,100.957,0
18,9,6,190,DIST,SINRdB,2,100.067,0
18,9,6,197.002,DIST,SINRdB,2,100.067,0
19,9,6,200,DIST,SINRdB,2.1,99.2212,0
19,9,6,207.002,DIST,SINRdB,2.1,99.2212,0
20,9,6,210,DIST,SINRdB,2.2,98.4143,0
20,9,6,217.002,DIST,SINRdB,2.2,98.4143,0
21,9,6,220,DIST,SINRdB,2.3,97.6431,0
21,9,6,227.002,DIST,SINRdB,2.3,97.6431,0
22,9,6,230,DIST,SINRdB,2.4,96.9047,0
22,9,6,237.002,DIST,SINRdB,2.4,96.9047,0
23,9,6,240,DIST,SINRdB,2.5,96.1963,0
23,9,6,247.002,DIST,SINRdB,2.5,96.1963,0
24,9,6,250,DIST,SINRdB,2.6,95.5157,0
24,9,6,258.002,DIST,SINRdB,2.6,95.5157,0
25,9,6,260,DIST,SINRdB,2.7,94.8607,0
25,9,6,268.002,DIST,SINRdB,2.7,94.8607,0
26,9,6,270,DIST,SINRdB,2.8,94.2295,0
26,9,6,278.002,DIST,SINRdB,2.8,94.2295,0
27,9,6,280,DIST,SINRdB,2.9,93.6204,0
27,9,6,288.002,DIST,SINRdB,2.9,93.6204,0
28,9,6,290,DIST,SINRdB,3,93.0319,0
28,9,6,298.002,DIST,SINRdB,3,93.0319,0
29,9,6,300,DIST,SINRdB,3.1,92.4627,0
29,9,6,308.002,DIST,SINRdB,3.1,92.4627,0
30,9,6,310,DIST,SINRdB,3.2,91.9116,0
30,9,6,318.002,DIST,SINRdB,3.2,91.9116,0
31,9,6,320,DIST,SINRdB,3.3,91.3773,0
31,9,6,328.002,DIST,SINRdB,3.3,91.3773,0
32,9,6,330,DIST,SINRdB,3.4,90.859,0
32,9,6,338.002,DIST,SINRdB,3.4,90.859,0
33,9,6,340,DIST,SINRdB,3.5,90.3558,0
33,9,6,348.002,DIST,SINRdB,3.5,90.3558,0
34,9,6,350,DIST,SINRdB,3.6,89.8667,0
34,9,6,358.002,DIST,SINRdB,3.6,89.8667,0
35,9,6,360,DIST,SINRdB,3.7,89.3909,0
35,9,6,368.002,DIST,SINRdB,3.7,89.3909,0
36,9,6,370,DIST,SINRdB,3.8,88.9279,0
36,9,6,378.002,DIST,SINRdB,3.8,88.9279,0
37,9,6,380,DIST,SINRdB,3.9,88.4768,0
37,9,6,388.002,DIST,SINRdB,3.9,88.4768,0
38,9,6,390,DIST,SINRdB,4,88.0372,0
38,9,6,398.002,DIST,SINRdB,4,88.0372,0
39,9,6,400,DIST,SINRdB,4.1,87.6084,0
39,9,6,408.002,DIST,SINRdB,4.1,87.6084,0
40,9,6,410,DIST,SINRdB,4.2,87.19,0
40,9,6,418.002,DIST,SINRdB,4.2,87.19,0
41,9,6,420,DIST,SINRdB,4.3,86.7814,0
41,9,6,428.002,DIST,SINRdB,4.3,86.7814,0
42,9,6,430,DIST,SINRdB,4.4,86.3821,0
42,9,6,438.002,DIST,SINRdB,4.4,86.3821,0
43,9,6,440,DIST,SINRdB,4.5,85.9919,0
43,9,6,448.002,DIST,SINRdB,4.5,85.9919,0
44,9,6,450,DIST,SINRdB,4.6,85.6102,0
44,9,6,458.002,DIST,SINRdB,4.6,85.6102,0
45,9,6,460,DIST,SINRdB,4.7,85.2367,0
45,9,6,468.002,DIST,SINRdB,4.7,85.2367,0
46,9,6,470,DIST,SINRdB,4.8,84.8711,0
46,9,6,478.002,DIST,SINRdB,4.8,84.8711,0
47,9,6,480,DIST,SINRdB,4.9,84.513,0
47,9,6,488.002,DIST,SINRdB,4.9,84.513,0
48,9,6,490,DIST,SINRdB,5,84.1621,0
48,9,6,498.002,DIST,SINRdB,5,84.1621,0
49,9,6,500,DIST,SINRdB,5.1,83.8182,0
49,9,6,508.002,DIST,SINRdB,5.1,83.8182,0
50,9,6,510,DIST,SINRdB,5.2,83.481,0
50,9,6,518.002,DIST,SINRdB,5.2,83.481,0
51,9,6,520,DIST,SINRdB,5.3,83.1502,0
51,9,6,528.002,DIST,SINRdB,5.3,83.1502,0
52,9,6,530,DIST,SINRdB,5.4,82.8255,0
52,9,6,538.002,DIST,SINRdB,5.4,82.8255,0
53,9,6,540,DIST,SINRdB,5.5,82.5068,0
53,9,6,548.002,DIST,SINRdB,5.5,82.5068,0
54,9,6,550,DIST,SINRdB,5.6,82.1939,0
54,9,6,558.002,DIST,SINRdB,5.6,82.1939,0
55,9,6,560,DIST,SINRdB,5.7,81.8865,0
55,9,6,568.002,DIST,SINRdB,5.7,81.8865,0
56,9,6,570,DIST,SINRdB,5.8,81.5844,0
56,9,6,578.002,DIST,SINRdB,5.8,81.5844,0
57,9,6,580,DIST,SINRdB,5.9,81.2875,0
57,9,6,588.002,DIST,SINRdB,5.9,81.2875,0
58,9,6,590,DIST,SINRdB,6,80.9956,0
58,9,6,598.002,DIST,SINRdB,6,80.9956,0
59,9,6,600,DIST,SINRdB,6.1,80.7085,0
59,9,6,608.002,DIST,SINRdB,6.1,80.7085,0
60,9,6,610,DIST,SINRdB,6.2,80.4261,0
60,9,6,618.002,DIST,SINRdB,6.2,80.4261,0
61,9,6,620,DIST,SINRdB,6.3,80.1482,0
61,9,6,628.002,DIST,SINRdB,6.3,80.1482,0
62,9,6,630,DIST,SINRdB,6.4,79.8746,0
62,9,6,638.002,DIST,SINRdB,6.4,79.8746,0
63,9,6,640,DIST,SINRdB,6.5,79.6054,0
63,9,6,648.002,DIST,SINRdB,6.5,79.6054,0
64,9,6,650,DIST,SINRdB,6.6,79.3402,0
64,9,6,658.002,DIST,SINRdB,6.6,79.3402,0
65,9,6,660,DIST,SINRdB,6.7,79.079,0
65,9,6,668.002,DIST,SINRdB,6.7,79.079,0
66,9,6,670,DIST,SINRdB,6.8,78.8217,0
66,9,6,678.002,DIST,SINRdB,6.8,78.8217,0
67,9,6,680,DIST,SINRdB,6.9,78.5681,0
67,9,6,688.002,DIST,SINRdB,6.9,78.5681,0
68,9,6,690,DIST,SINRdB,7,78.3182,0
68,9,6,698.002,DIST,SINRdB,7,78.3182,0
69,9,6,700,DIST,SINRdB,7.1,78.0718,0
69,9,6,708.002,DIST,SINRdB,7.1,78.0718,0
70,9,6,710,DIST,SINRdB,7.2,77.8288,0
70,9,6,718.002,DIST,SINRdB,7.2,77.8288,0
71,9,6,720,DIST,SINRdB,7.3,77.5893,0
71,9,6,728.002,DIST,SINRdB,7.3,77.5893,0
72,9,6,730,DIST,SINRdB,7.4,77.3529,0
72,9,6,738.002,DIST,SINRdB,7.4,77.3529,0
73,9,6,740,DIST,SINRdB,7.5,77.1198,0
73,9,6,748.002,DIST,SINRdB,7.5,77.1198,0
74,9,6,750,DIST,SINRdB,7.6,76.8897,0
74,9,6,758.002,DIST,SINRdB,7.6,76.8897,0
75,9,6,760,DIST,SINRdB,7.7,76.6627,0
75,9,6,768.002,DIST,SINRdB,7.7,76.6627,0
76,9,6,770,DIST,SINRdB,7.8,76.4385,0
76,9,6,778.002,DIST,SINRdB,7.8,76.4385,0
77,9,6,780,DIST,SINRdB,7.9,76.2173,0
77,9,6,788.002,DIST,SINRdB,7.9,76.2173,0
78,9,6,790,DIST,SINRdB,8,75.9988,0
78,9,6,798.002,DIST,SINRdB,8,75.9988,0
79,9,6,800,DIST,SINRdB,8.1,75.783,0
79,9,6,808.002,DIST,SINRdB,8.1,75.783,0
80,9,6,810,DIST,SINRdB,8.2,75.5698,0
80,9,6,818.002,DIST,SINRdB,8.2,75.5698,0
81,9,6,820,DIST,SINRdB,8.3,75.3593,0
81,9,6,828.002,DIST,SINRdB,8.3,75.3593,0
82,9,6,830,DIST,SINRdB,8.4,75.1513,0
82,9,6,838.002,DIST,SINRdB,8.4,75.1513,0
83,9,6,840,DIST,SINRdB,8.5,74.9457,0
83,9,6,848.002,DIST,SINRdB,8.5,74.9457,0
84,9,6,850,DIST,SINRdB,8.6,74.7425,0
84,9,6,858.002,DIST,SINRdB,8.6,74.7425,0
85,9,6,860,DIST,SINRdB,8.7,74.5417,0
85,9,6,868.002,DIST,SINRdB,8.7,74.5417,0
86,9,6,870,DIST,SINRdB,8.8,74.3432,0
86,9,6,878.002,DIST,SINRdB,8.8,74.3432,0
87,9,6,880,DIST,SINRdB,8.9,74.1469,0
87,9,6,888.002,DIST,SINRdB,8.9,74.1469,0
88,9,6,890,DIST,SINRdB,9,73.9529,0
88,9,6,898.002,DIST,SINRdB,9,73.9529,0
89,9,6,900,DIST,SINRdB,9.1,73.7609,0
89,9,6,908.002,DIST,SINRdB,9.1,73.7609,0
90,9,6,910,DIST,SINRdB,9.2,73.5711,0
90,9,6,918.002,DIST,SINRdB,9.2,73.5711,0
91,9,6,920,DIST,SINRdB,9.3,73.3833,0
91,9,6,928.002,DIST,SINRdB,9.3,73.3833,0
92,9,6,930,DIST,SINRdB,9.4,73.1975,0
92,9,6,938.002,DIST,SINRdB,9.4,73.1975,0
93,9,6,940,DIST,SINRdB,9.5,73.0137,0
93,9,6,948.002,DIST,SINRdB,9.5,73.0137,0
94,9,6,950,DIST,SINRdB,9.6,72.8318,0
94,9,6,958.002,DIST,SINRdB,9.6,72.8318,0
95,9,6,960,DIST,SINRdB,9.7,72.6518,0
95,9,6,968.002,DIST,SINRdB,9.7,72.6518,0
96,9,6,970,DIST,SINRdB,9.8,72.4736,0
96,9,6,978.002,DIST,SINRdB,9.8,72.4736,0
97,9,6,980,DIST,SINRdB,9.9,72.2973,0
97,9,6,988.002,DIST,SINRdB,9.9,72.2973,0
98,9,6,990,DIST,SINRdB,10,72.1227,0
98,9,6,998.002,DIST,SINRdB,10,72.1227,0
99,9,6,1000,DIST,SINRdB,10.1,71.9498,0
99,9,6,1008,DIST,SINRdB,10.1,71.9498,0
100,9,6,1010,DIST,SINRdB,10.2,71.7787,0
100,9,6,1018,DIST,SINRdB,10.2,71.7787,0
101,9,6,1020,DIST,SINRdB,10.3,71.6092,0
101,9,6,1028,DIST,SINRdB,10.3,71.6092,0
102,9,6,1030,DIST,SINRdB,10.4,71.4414,0
102,9,6,1038,DIST,SINRdB,10.4,71.4414,0
103,9,6,1040,DIST,SINRdB,10.5,71.2752,0
103,9,6,1048,DIST,SINRdB,10.5,71.2752,0
104,9,6,1050,DIST,SINRdB,10.6,71.1105,0
104,9,6,1058,DIST,SINRdB,10.6,71.1105,0
105,9,6,1060,DIST,SINRdB,10.7,70.9474,0
105,9,6,1068,DIST,SINRdB,10.7,70.9474,0
106,9,6,1070,DIST,SINRdB,10.8,70.7858,0
106,9,6,1078,DIST,SINRdB,10.8,70.7858,0
107,9,6,1080,DIST,SINRdB,10.9,70.6257,0
107,9,6,1088,DIST,SINRdB,10.9,70.6257,0
108,9,6,1090,DIST,SINRdB,11,70.4671,0
108,9,6,1098,DIST,SINRdB,11,70.4671,0
109,9,6,1100,DIST,SINRdB,11.1,70.3099,0
109,9,6,1108,DIST,SINRdB,11.1,70.3099,0
110,9,6,1110,DIST,SINRdB,11.2,70.1541,0
110,9,6,1118,DIST,SINRdB,11.2,70.1541,0
111,9,6,1120,DIST,SINRdB,11.3,69.9997,0
111,9,6,1128,DIST,SINRdB,11.3,69.9997,0
112,9,6,1130,DIST,SINRdB,11.4,69.8466,0
112,9,6,1138,DIST,SINRdB,11.4,69.8466,0
113,9,6,1140,DIST,SINRdB,11.5,69.6949,0
113,9,6,1148,DIST,SINRdB,11.5,69.6949,0
114,9,6,1150,DIST,SINRdB,11.6,69.5445,0
114,9,6,1158,DIST,SINRdB,11.6,69.5445,0
115,9,6,1160,DIST,SINRdB,11.7,69.3954,0
115,9,6,1168,DIST,SINRdB,11.7,69.3954,0
116,9,6,1170,DIST,SINRdB,11.8,69.2476,0
116,9,6,1178,DIST,SINRdB,11.8,69.2476,0
117,9,6,1180,DIST,SINRdB,11.9,69.101,0
117,9,6,1188,DIST,SINRdB,11.9,69.101,0
118,9,6,1190,DIST,SINRdB,12,68.9556,0
118,9,6,1198,DIST,SINRdB,12,68.9556,0
119,9,6,1200,DIST,SINRdB,12.1,68.8115,0
119,9,6,1208,DIST,SINRdB,12.1,68.8115,0
120,9,6,1210,DIST,SINRdB,12.2,68.6685,0
120,9,6,1218,DIST,SINRdB,12.2,68.6685,0
121,9,6,1220,DIST,SINRdB,12.3,68.5267,0
121,9,6,1228,DIST,SINRdB,12.3,68.5267,0
122,9,6,1230,DIST,SINRdB,12.4,68.386,0
122,9,6,1238,DIST,SINRdB,12.4,68.386,0
123,9,6,1240,DIST,SINRdB,12.5,68.2465,0
123,9,6,1248,DIST,SINRdB,12.5,68.2465,0
124,9,6,1250,DIST,SINRdB,12.6,68.1081,0
124,9,6,1258,DIST,SINRdB,12.6,68.1081,0
125,9,6,1260,DIST,SINRdB,12.7,67.9708,0
125,9,6,1268,DIST,SINRdB,12.7,67.9708,0
126,9,6,1270,DIST,SINRdB,12.8,67.8345,0
126,9,6,1278,DIST,SINRdB,12.8,67.8345,0
127,9,6,1280,DIST,SINRdB,12.9,67.6993,0
127,9,6,1288,DIST,SINRdB,12.9,67.6993,0
128,9,6,1290,DIST,SINRdB,13,67.5652,0
128,9,6,1298,DIST,SINRdB,13,67.5652,0
129,9,6,1300,DIST,SINRdB,13.1,67.4321,0
129,9,6,1308,DIST,SINRdB,13.1,67.4321,0
130,9,6,1310,DIST,SINRdB,13.2,67.3,0
130,9,6,1318,DIST,SINRdB,13.2,67.3,0
131,9,6,1320,DIST,SINRdB,13.3,67.1689,0
131,9,6,1328,DIST,SINRdB,13.3,67.1689,0
132,9,6,1330,DIST,SINRdB,13.4,67.0388,0
132,9,6,1338,DIST,SINRdB,13.4,67.0388,0
133,9,6,1340,DIST,SINRdB,13.5,66.9096,0
133,9,6,1348,DIST,SINRdB,13.5,66.9096,0
134,9,6,1350,DIST,SINRdB,13.6,66.7814,0
134,9,6,1358,DIST,SINRdB,13.6,66.7814,0
135,9,6,1360,DIST,SINRdB,13.7,66.6541,0
135,9,6,1368,DIST,SINRdB,13.7,66.6541,0
136,9,6,1370,DIST,SINRdB,13.8,66.5278,0
136,9,6,1378,DIST,SINRdB,13.8,66.5278,0
137,9,6,1380,DIST,SINRdB,13.9,66.4024,0
137,9,6,1388,DIST,SINRdB,13.9,66.4024,0
138,9,6,1390,DIST,SINRdB,14,66.2779,0
138,9,6,1398,DIST,SINRdB,14,66.2779,0
139,9,6,1400,DIST,SINRdB,14.1,66.1542,0
139,9,6,1408,DIST,SINRdB,14.1,66.1542,0
140,9,6,1410,DIST,SINRdB,14.2,66.0314,0
140,9,6,1418,DIST,SINRdB,14.2,66.0314,0
141,9,6,1420,DIST,SINRdB,14.3,65.9095,0
141,9,6,1428,DIST,SINRdB,14.3,65.9095,0
142,9,6,1430,DIST,SINRdB,14.4,65.7885,0
142,9,6,1438,DIST,SINRdB,14.4,65.7885,0
143,9,6,1440,DIST,SINRdB,14.5,65.6683,0
143,9,6,1448,DIST,SINRdB,14.5,65.6683,0
144,9,6,1450,DIST,SINRdB,14.6,65.5489,0
144,9,6,1458,DIST,SINRdB,14.6,65.5489,0
145,9,6,1460,DIST,SINRdB,14.7,65.4303,0
145,9,6,1468,DIST,SINRdB,14.7,65.4303,0
146,9,6,1470,DIST,SINRdB,14.8,65.3125,0
146,9,6,1478,DIST,SINRdB,14.8,65.3125,0
147,9,6,1480,DIST,SINRdB,14.9,65.1956,0
147,9,6,1488,DIST,SINRdB,14.9,65.1956,0
148,9,6,1490,DIST,SINRdB,15,65.0794,0
148,9,6,1498,DIST,SINRdB,15,65.0794,0
149,9,6,1500,DIST,SINRdB,15.1,64.9639,0
149,9,6,1508,DIST,SINRdB,15.1,64.9639,0
150,9,6,1510,DIST,SINRdB,15.2,64.8493,0
150,9,6,1518,DIST,SINRdB,15.2,64.8493,0
151,9,6,1520,DIST,SINRdB,15.3,64.7354,0
151,9,6,1528,DIST,SINRdB,15.3,64.7354,0
152,9,6,1530,DIST,SINRdB,15.4,64.6222,0
152,9,6,1538,DIST,SINRdB,15.4,64.6222,0
153,9,6,1540,DIST,SINRdB,15.5,64.5098,0
153,9,6,1548,DIST,SINRdB,15.5,64.5098,0
154,9,6,1550,DIST,SINRdB,15.6,64.398,0
154,9,6,1558,DIST,SINRdB,15.6,64.398,0
155,9,6,1560,DIST,SINRdB,15.7,64.2871,0
155,9,6,1568,DIST,SINRdB,15.7,64.2871,0
156,9,6,1570,DIST,SINRdB,15.8,64.1768,0
156,9,6,1578,DIST,SINRdB,15.8,64.1768,0
157,9,6,1580,DIST,SINRdB,15.9,64.0672,0
157,9,6,1588,DIST,SINRdB,15.9,64.0672,0
158,9,6,1590,DIST,SINRdB,16,63.9582,0
158,9,6,1598,DIST,SINRdB,16,63.9582,0
159,9,6,1600,DIST,SINRdB,16.1,63.85,0
159,9,6,1608,DIST,SINRdB,16.1,63.85,0
160,9,6,1610,DIST,SINRdB,16.2,63.7425,0
160,9,6,1618,DIST,SINRdB,16.2,63.7425,0
161,9,6,1620,DIST,SINRdB,16.3,63.6355,0
161,9,6,1628,DIST,SINRdB,16.3,63.6355,0
162,9,6,1630,DIST,SINRdB,16.4,63.5293,0
162,9,6,1638,DIST,SINRdB,16.4,63.5293,0
163,9,6,1640,DIST,SINRdB,16.5,63.4237,0
163,9,6,1648,DIST,SINRdB,16.5,63.4237,0
164,9,6,1650,DIST,SINRdB,16.6,63.3187,0
164,9,6,1658,DIST,SINRdB,16.6,63.3187,0
165,9,6,1660,DIST,SINRdB,16.7,63.2144,0
165,9,6,1668,DIST,SINRdB,16.7,63.2144,0
166,9,6,1670,DIST,SINRdB,16.8,63.1107,0
166,9,6,1678,DIST,SINRdB,16.8,63.1107,0
167,9,6,1680,DIST,SINRdB,16.9,63.0076,0
167,9,6,1688,DIST,SINRdB,16.9,63.0076,0
168,9,6,1690,DIST,SINRdB,17,62.9051,0
168,9,6,1698,DIST,SINRdB,17,62.9051,0
169,9,6,1700,DIST,SINRdB,17.1,62.8032,0
169,9,6,1708,DIST,SINRdB,17.1,62.8032,0
170,9,6,1710,DIST,SINRdB,17.2,62.7019,0
170,9,6,1718,DIST,SINRdB,17.2,62.7019,0
171,9,6,1720,DIST,SINRdB,17.3,62.6012,0
171,9,6,1728,DIST,SINRdB,17.3,62.6012,0
172,9,6,1730,DIST,SINRdB,17.4,62.5011,0
172,9,6,1738,DIST,SINRdB,17.4,62.5011,0
173,9,6,1740,DIST,SINRdB,17.5,62.4016,0
173,9,6,1748,DIST,SINRdB,17.5,62.4016,0
174,9,6,1750,DIST,SINRdB,17.6,62.3026,0
174,9,6,1758,DIST,SINRdB,17.6,62.3026,0
175,9,6,1760,DIST,SINRdB,17.7,62.2042,0
175,9,6,1768,DIST,SINRdB,17.7,62.2042,0
176,9,6,1770,DIST,SINRdB,17.8,62.1063,0
176,9,6,1778,DIST,SINRdB,17.8,62.1063,0
177,9,6,1780,DIST,SINRdB,17.9,62.009,0
177,9,6,1788,DIST,SINRdB,17.9,62.009,0
178,9,6,1790,DIST,SINRdB,18,61.9122,0
178,9,6,1798,DIST,SINRdB,18,61.9122,0
179,9,6,1800,DIST,SINRdB,18.1,61.816,0
179,9,6,1808,DIST,SINRdB,18.1,61.816,0
180,9,6,1810,DIST,SINRdB,18.2,61.7202,0
180,9,6,1818,DIST,SINRdB,18.2,61.7202,0
181,9,6,1820,DIST,SINRdB,18.3,61.6251,0
181,9,6,1828,DIST,SINRdB,18.3,61.6251,0
182,9,6,1830,DIST,SINRdB,18.4,61.5304,0
182,9,6,1838,DIST,SINRdB,18.4,61.5304,0
183,9,6,1840,DIST,SINRdB,18.5,61.4362,0
183,9,6,1848,DIST,SINRdB,18.5,61.4362,0
184,9,6,1850,DIST,SINRdB,18.6,61.3426,0
184,9,6,1858,DIST,SINRdB,18.6,61.3426,0
185,9,6,1860,DIST,SINRdB,18.7,61.2494,0
185,9,6,1868,DIST,SINRdB,18.7,61.2494,0
186,9,6,1870,DIST,SINRdB,18.8,61.1568,0
186,9,6,1878,DIST,SINRdB,18.8,61.1568,0
187,9,6,1880,DIST,SINRdB,18.9,61.0646,0
187,9,6,1888,DIST,SINRdB,18.9,61.0646,0
188,9,6,1890,DIST,SINRdB,19,60.973,0
188,9,6,1898,DIST,SINRdB,19,60.973,0
189,9,6,1900,DIST,SINRdB,19.1,60.8818,0
189,9,6,1908,DIST,SINRdB,19.1,60.8818,0
190,9,6,1910,DIST,SINRdB,19.2,60.7911,0
190,9,6,1918,DIST,SINRdB,19.2,60.7911,0
191,9,6,1920,DIST,SINRdB,19.3,60.7008,0
191,9,6,1928,DIST,SINRdB,19.3,60.7008,0
192,9,6,1930,DIST,SINRdB,19.4,60.611,0
192,9,6,1938,DIST,SINRdB,19.4,60.611,0
193,9,6,1940,DIST,SINRdB,19.5,60.5217,0
193,9,6,1948,DIST,SINRdB,19.5,60.5217,0
194,9,6,1950,DIST,SINRdB,19.6,60.4329,0
194,9,6,1958,DIST,SINRdB,19.6,60.4329,0
195,9,6,1960,DIST,SINRdB,19.7,60.3445,0
195,9,6,1968,DIST,SINRdB,19.7,60.3445,0
196,9,6,1970,DIST,SINRdB,19.8,60.2565,0
196,9,6,1978,DIST,SINRdB,19.8,60.2565,0
197,9,6,1980,DIST,SINRdB,19.9,60.169,0
197,9,6,1988,DIST,SINRdB,19.9,60.169,0
198,9,6,1990,DIST,SINRdB,20,60.0819,0
198,9,6,1998,DIST,SINRdB,20,60.0819,0
199,9,6,2000,DIST,SINRdB,20.1,59.9953,0
199,9,6,2008,DIST,SINRdB,20.1,59.9953,0
200,9,6,2010,DIST,SINRdB,20.2,59.9091,0
200,9,6,2018,DIST,SINRdB,20.2,59.9091,0
201,9,6,2020,DIST,SINRdB,20.3,59.8233,0
201,9,6,2028,DIST,SINRdB,20.3,59.8233,0
202,9,6,2030,DIST,SINRdB,20.4,59.7379,0
202,9,6,2038,DIST,SINRdB,20.4,59.7379,0
203,9,6,2040,DIST,SINRdB,20.5,59.653,0
203,9,6,2048,DIST,SINRdB,20.5,59.653,0
204,9,6,2050,DIST,SINRdB,20.6,59.5684,0
204,9,6,2058,DIST,SINRdB,20.6,59.5684,0
205,9,6,2060,DIST,SINRdB,20.7,59.4843,0
205,9,6,2068,DIST,SINRdB,20.7,59.4843,0
206,9,6,2070,DIST,SINRdB,20.8,59.4006,0
206,9,6,2078,DIST,SINRdB,20.8,59.4006,0
207,9,6,2080,DIST,SINRdB,20.9,59.3173,0
207,9,6,2088,DIST,SINRdB,20.9,59.3173,0
208,9,6,2090,DIST,SINRdB,21,59.2344,0
208,9,6,2098,DIST,SINRdB,21,59.2344,0
209,9,6,2100,DIST,SINRdB,21.1,59.1518,0
209,9,6,2108,DIST,SINRdB,21.1,59.1518,0
210,9,6,2110,DIST,SINRdB,21.2,59.0697,0
210,9,6,2118,DIST,SINRdB,21.2,59.0697,0
211,9,6,2120,DIST,SINRdB,21.3,58.988,0
211,9,6,2128,DIST,SINRdB,21.3,58.988,0
212,9,6,2130,DIST,SINRdB,21.4,58.9066,0
212,9,6,2138,DIST,SINRdB,21.4,58.9066,0
213,9,6,2140,DIST,SINRdB,21.5,58.8256,0
213,9,6,2148,DIST,SINRdB,21.5,58.8256,0
214,9,6,2150,DIST,SINRdB,21.6,58.745,0
214,9,6,2158,DIST,SINRdB,21.6,58.745,0
215,9,6,2160,DIST,SINRdB,21.7,58.6648,0
215,9,6,2168,DIST,SINRdB,21.7,58.6648,0
216,9,6,2170,DIST,SINRdB,21.8,58.5849,0
216,9,6,2178,DIST,SINRdB,21.8,58.5849,0
217,9,6,2180,DIST,SINRdB,21.9,58.5054,0
217,9,6,2188,DIST,SINRdB,21.9,58.5054,0
218,9,6,2190,DIST,SINRdB,22,58.4262,0
218,9,6,2198,DIST,SINRdB,22,58.4262,0
219,9,6,2200,DIST,SINRdB,22.1,58.3475,0
219,9,6,2208,DIST,SINRdB,22.1,58.3475,0
220,9,6,2210,DIST,SINRdB,22.2,58.269,0
220,9,6,2218,DIST,SINRdB,22.2,58.269,0
221,9,6,2220,DIST,SINRdB,22.3,58.191,0
221,9,6,2228,DIST,SINRdB,22.3,58.191,0
222,9,6,2230,DIST,SINRdB,22.4,58.1132,0
222,9,6,2238,DIST,SINRdB,22.4,58.1132,0
223,9,6,2240,DIST,SINRdB,22.5,58.0359,0
223,9,6,2248,DIST,SINRdB,22.5,58.0359,0
224,9,6,2250,DIST,SINRdB,22.6,57.9588,0
224,9,6,2253,DIST,SINRdB,22.6,57.9588,0
225,9,6,2260,DIST,SINRdB,22.7,57.8821,0
225,9,6,2263,DIST,SINRdB,22.7,57.8821,0
226,9,6,2270,DIST,SINRdB,22.8,57.8058,0
226,9,6,2273,DIST,SINRdB,22.8,57.8058,0
227,9,6,2280,DIST,SINRdB,22.9,57.7297,0
227,9,6,2283,DIST,SINRdB,22.9,57.7297,0
228,9,6,2290,DIST,SINRdB,23,57.6541,0
228,9,6,2293,DIST,SINRdB,23,57.6541,0
229,9,6,2300,DIST,SINRdB,23.1,57.5787,0
229,9,6,2303,DIST,SINRdB,23.1,57.5787,0
230,9,6,2310,DIST,SINRdB,23.2,57.5036,0
230,9,6,2313,DIST,SINRdB,23.2,57.5036,0
231,9,6,2320,DIST,SINRdB,23.3,57.4289,0
231,9,6,2323,DIST,SINRdB,23.3,57.4289,0
232,9,6,2330,DIST,SINRdB,23.4,57.3545,0
232,9,6,2333,DIST,SINRdB,23.4,57.3545,0
233,9,6,2340,DIST,SINRdB,23.5,57.2805,0
233,9,6,2343,DIST,SINRdB,23.5,57.2805,0
234,9,6,2350,DIST,SINRdB,23.6,57.2067,0
234,9,6,2353,DIST,SINRdB,23.6,57.2067,0
235,9,6,2360,DIST,SINRdB,23.7,57.1332,0
235,9,6,2363,DIST,SINRdB,23.7,57.1332,0
236,9,6,2370,DIST,SINRdB,23.8,57.0601,0
236,9,6,2373,DIST,SINRdB,23.8,57.0601,0
237,9,6,2380,DIST,SINRdB,23.9,56.9873,0
237,9,6,2383,DIST,SINRdB,23.9,56.9873,0
238,9,6,2390,DIST,SINRdB,24,56.9147,0
238,9,6,2393,DIST,SINRdB,24,56.9147,0
239,9,6,2400,DIST,SINRdB,24.1,56.8425,0
239,9,6,2403,DIST,SINRdB,24.1,56.8425,0
240,9,6,2410,DIST,SINRdB,24.2,56.7706,0
240,9,6,2413,DIST,SINRdB,24.2,56.7706,0
241,9,6,2420,DIST,SINRdB,24.3,56.6989,0
241,9,6,2423,DIST,SINRdB,24.3,56.6989,0
242,9,6,2430,DIST,SINRdB,24.4,56.6276,0
242,9,6,2433,DIST,SINRdB,24.4,56.6276,0
243,9,6,2440,DIST,SINRdB,24.5,56.5565,0
243,9,6,2443,DIST,SINRdB,24.5,56.5565,0
244,9,6,2450,DIST,SINRdB,24.6,56.4858,0
244,9,6,2453,DIST,SINRdB,24.6,56.4858,0
245,9,6,2460,DIST,SINRdB,24.7,56.4153,0
245,9,6,2463,DIST,SINRdB,24.7,56.4153,0
246,9,6,2470,DIST,SINRdB,24.8,56.3451,0
246,9,6,2473,DIST,SINRdB,24.8,56.3451,0
247,9,6,2480,DIST,SINRdB,24.9,56.2752,0
247,9,6,2483,DIST,SINRdB,24.9,56.2752,0
248,9,6,2490,DIST,SINRdB,25,56.2056,0
248,9,6,2493,DIST,SINRdB,25,56.2056,0
249,9,6,2500,DIST,SINRdB,25.1,56.1362,0
249,9,6,2503,DIST,SINRdB,25.1,56.1362,0
250,9,6,2510,DIST,SINRdB,25.2,56.0672,0
250,9,6,2513,DIST,SINRdB,25.2,56.0672,0
251,9,6,2520,DIST,SINRdB,25.3,55.9984,0
251,9,6,2523,DIST,SINRdB,25.3,55.9984,0
252,9,6,2530,DIST,SINRdB,25.4,55.9298,0
252,9,6,2533,DIST,SINRdB,25.4,55.9298,0
253,9,6,2540,DIST,SINRdB,25.5,55.8616,0
253,9,6,2543,DIST,SINRdB,25.5,55.8616,0
254,9,6,2550,DIST,SINRdB,25.6,55.7936,0
254,9,6,2553,DIST,SINRdB,25.6,55.7936,0
255,9,6,2560,DIST,SINRdB,25.7,55.7259,0
255,9,6,2563,DIST,SINRdB,25.7,55.7259,0
256,9,6,2570,DIST,SINRdB,25.8,55.6584,0
256,9,6,2573,DIST,SINRdB,25.8,55.6584,0
257,9,6,2580,DIST,SINRdB,25.9,55.5912,0
257,9,6,2583,DIST,SINRdB,25.9,55.5912,0
258,9,6,2590,DIST,SINRdB,26,55.5243,0
258,9,6,2593,DIST,SINRdB,26,55.5243,0
259,9,6,2600,DIST,SINRdB,26.1,55.4576,0
259,9,6,2603,DIST,SINRdB,26.1,55.4576,0
260,9,6,2610,DIST,SINRdB,26.2,55.3911,0
260,9,6,2613,DIST,SINRdB,26.2,55.3911,0
261,9,6,2620,DIST,SINRdB,26.3,55.325,0
261,9,6,2623,DIST,SINRdB,26.3,55.325,0
262,9,6,2630,DIST,SINRdB,26.4,55.259,0
262,9,6,2633,DIST,SINRdB,26.4,55.259,0
263,9,6,2640,DIST,SINRdB,26.5,55.1934,0
263,9,6,2643,DIST,SINRdB,26.5,55.1934,0
264,9,6,2650,DIST,SINRdB,26.6,55.1279,0
264,9,6,2653,DIST,SINRdB,26.6,55.1279,0
265,9,6,2660,DIST,SINRdB,26.7,55.0627,0
265,9,6,2663,DIST,SINRdB,26.7,55.0627,0
266,9,6,2670,DIST,SINRdB,26.8,54.9978,0
266,9,6,2673,DIST,SINRdB,26.8,54.9978,0
267,9,6,2680,DIST,SINRdB,26.9,54.9331,0
267,9,6,2683,DIST,SINRdB,26.9,54.9331,0
268,9,6,2690,DIST,SINRdB,27,54.8686,0
268,9,6,2693,DIST,SINRdB,27,54.8686,0
269,9,6,2700,DIST,SINRdB,27.1,54.8044,0
269,9,6,2703,DIST,SINRdB,27.1,54.8044,0
270,9,6,2710,DIST,SINRdB,27.2,54.7404,0
270,9,6,2713,DIST,SINRdB,27.2,54.7404,0
271,9,6,2720,DIST,SINRdB,27.3,54.6767,0
271,9,6,2723,DIST,SINRdB,27.3,54.6767,0
272,9,6,2730,DIST,SINRdB,27.4,54.6132,0
272,9,6,2733,DIST,SINRdB,27.4,54.6132,0
273,9,6,2740,DIST,SINRdB,27.5,54.5499,0
273,9,6,2743,DIST,SINRdB,27.5,54.5499,0
274,9,6,2750,DIST,SINRdB,27.6,54.4868,0
274,9,6,2753,DIST,SINRdB,27.6,54.4868,0
275,9,6,2760,DIST,SINRdB,27.7,54.424,0
275,9,6,2763,DIST,SINRdB,27.7,54.424,0
276,9,6,2770,DIST,SINRdB,27.8,54.3614,0
276,9,6,2773,DIST,SINRdB,27.8,54.3614,0
277,9,6,2780,DIST,SINRdB,27.9,54.299,0
277,9,6,2783,DIST,SINRdB,27.9,54.299,0
278,9,6,2790,DIST,SINRdB,28,54.2369,0
278,9,6,2793,DIST,SINRdB,28,54.2369,0
279,9,6,2800,DIST,SINRdB,28.1,54.1749,0
279,9,6,2803,DIST,SINRdB,28.1,54.1749,0
280,9,6,2810,DIST,SINRdB,28.2,54.1132,0
280,9,6,2813,DIST,SINRdB,28.2,54.1132,0
281,9,6,2820,DIST,SINRdB,28.3,54.0517,0
281,9,6,2823,DIST,SINRdB,28.3,54.0517,0
282,9,6,2830,DIST,SINRdB,28.4,53.9905,0
282,9,6,2833,DIST,SINRdB,28.4,53.9905,0
283,9,6,2840,DIST,SINRdB,28.5,53.9294,0
283,9,6,2843,DIST,SINRdB,28.5,53.9294,0
284,9,6,2850,DIST,SINRdB,28.6,53.8686,0
284,9,6,2853,DIST,SINRdB,28.6,53.8686,0
285,9,6,2860,DIST,SINRdB,28.7,53.8079,0
285,9,6,2863,DIST,SINRdB,28.7,53.8079,0
286,9,6,2870,DIST,SINRdB,28.8,53.7475,0
286,9,6,2873,DIST,SINRdB,28.8,53.7475,0
287,9,6,2880,DIST,SINRdB,28.9,53.6873,0
287,9,6,2883,DIST,SINRdB,28.9,53.6873,0
288,9,6,2890,DIST,SINRdB,29,53.6273,0
288,9,6,2893,DIST,SINRdB,29,53.6273,0
289,9,6,2900,DIST,SINRdB,29.1,53.5675,0
289,9,6,2903,DIST,SINRdB,29.1,53.5675,0
290,9,6,2910,DIST,SINRdB,29.2,53.5079,0
290,9,6,2913,DIST,SINRdB,29.2,53.5079,0
291,9,6,2920,DIST,SINRdB,29.3,53.4485,0
291,9,6,2923,DIST,SINRdB,29.3,53.4485,0
292,9,6,2930,DIST,SINRdB,29.4,53.3893,0
292,9,6,2933,DIST,SINRdB,29.4,53.3893,0
293,9,6,2940,DIST,SINRdB,29.5,53.3303,0
293,9,6,2943,DIST,SINRdB,29.5,53.3303,0
294,9,6,2950,DIST,SINRdB,29.6,53.2715,0
294,9,6,2953,DIST,SINRdB,29.6,53.2715,0
295,9,6,2960,DIST,SINRdB,29.7,53.2129,0
295,9,6,2963,DIST,SINRdB,29.7,53.2129,0
296,9,6,2970,DIST,SINRdB,29.8,53.1546,0
296,9,6,2973,DIST,SINRdB,29.8,53.1546,0
297,9,6,2980,DIST,SINRdB,29.9,53.0964,0
297,9,6,2983,DIST,SINRdB,29.9,53.0964,0
298,9,6,2990,DIST,SINRdB,30,53.0384,0
298,9,6,2993,DIST,SINRdB,30,53.0384,0
299,9,6,3000,DIST,SINRdB,30.1,52.9805,0
299,9,6,3003,DIST,SINRdB,30.1,52.9805,0
300,9,6,3010,DIST,SINRdB,30.2,52.9229,0
300,9,6,3013,DIST,SINRdB,30.2,52.9229,0
301,9,6,3020,DIST,SINRdB,30.3,52.8655,0
301,9,6,3023,DIST,SINRdB,30.3,52.8655,0
302,9,6,3030,DIST,SINRdB,30.4,52.8083,0
302,9,6,3033,DIST,SINRdB,30.4,52.8083,0
303,9,6,3040,DIST,SINRdB,30.5,52.7512,0
303,9,6,3043,DIST,SINRdB,30.5,52.7512,0
304,9,6,3050,DIST,SINRdB,30.6,52.6944,0
304,9,6,3053,DIST,SINRdB,30.6,52.6944,0
305,9,6,3060,DIST,SINRdB,30.7,52.6377,0
305,9,6,3063,DIST,SINRdB,30.7,52.6377,0
306,9,6,3070,DIST,SINRdB,30.8,52.5812,0
306,9,6,3073,DIST,SINRdB,30.8,52.5812,0
307,9,6,3080,DIST,SINRdB,30.9,52.5249,0
307,9,6,3083,DIST,SINRdB,30.9,52.5249,0
308,9,6,3090,DIST,SINRdB,31,52.4687,0
308,9,6,3093,DIST,SINRdB,31,52.4687,0
309,9,6,3100,DIST,SINRdB,31.1,52.4128,0
309,9,6,3103,DIST,SINRdB,31.1,52.4128,0
310,9,6,3110,DIST,SINRdB,31.2,52.357,0
310,9,6,3113,DIST,SINRdB,31.2,52.357,0
311,9,6,3120,DIST,SINRdB,31.3,52.3014,0
311,9,6,3123,DIST,SINRdB,31.3,52.3014,0
312,9,6,3130,DIST,SINRdB,31.4,52.246,0
312,9,6,3133,DIST,SINRdB,31.4,52.246,0
313,9,6,3140,DIST,SINRdB,31.5,52.1908,0
313,9,6,3143,DIST,SINRdB,31.5,52.1908,0
314,9,6,3150,DIST,SINRdB,31.6,52.1357,0
314,9,6,3153,DIST,SINRdB,31.6,52.1357,0
315,9,6,3160,DIST,SINRdB,31.7,52.0808,0
315,9,6,3163,DIST,SINRdB,31.7,52.0808,0
316,9,6,3170,DIST,SINRdB,31.8,52.0261,0
316,9,6,3173,DIST,SINRdB,31.8,52.0261,0
317,9,6,3180,DIST,SINRdB,31.9,51.9716,0
317,9,6,3183,DIST,SINRdB,31.9,51.9716,0
318,9,6,3190,DIST,SINRdB,32,51.9172,0
318,9,6,3193,DIST,SINRdB,32,51.9172,0
319,9,6,3200,DIST,SINRdB,32.1,51.863,0
319,9,6,3203,DIST,SINRdB,32.1,51.863,0
320,9,6,3210,DIST,SINRdB,32.2,51.809,0
320,9,6,3213,DIST,SINRdB,32.2,51.809,0
321,9,6,3220,DIST,SINRdB,32.3,51.7551,0
321,9,6,3223,DIST,SINRdB,32.3,51.7551,0
322,9,6,3230,DIST,SINRdB,32.4,51.7014,0
322,9,6,3233,DIST,SINRdB,32.4,51.7014,0
323,9,6,3240,DIST,SINRdB,32.5,51.6479,0
323,9,6,3243,DIST,SINRdB,32.5,51.6479,0
324,9,6,3250,DIST,SINRdB,32.6,51.5945,0
324,9,6,3253,DIST,SINRdB,32.6,51.5945,0
325,9,6,3260,DIST,SINRdB,32.7,51.5413,0
325,9,6,3263,DIST,SINRdB,32.7,51.5413,0
326,9,6,3270,DIST,SINRdB,32.8,51.4883,0
326,9,6,3273,DIST,SINRdB,32.8,51.4883,0
327,9,6,3280,DIST,SINRdB,32.9,51.4354,0
327,9,6,3283,DIST,SINRdB,32.9,51.4354,0
328,9,6,3290,DIST,SINRdB,33,51.3827,0
328,9,6,3293,DIST,SINRdB,33,51.3827,0
329,9,6,3300,DIST,SINRdB,33.1,51.3301,0
329,9,6,3303,DIST,SINRdB,33.1,51.3301,0
330,9,6,3310,DIST,SINRdB,33.2,51.2777,0
330,9,6,3313,DIST,SINRdB,33.2,51.2777,0
331,9,6,3320,DIST,SINRdB,33.3,51.2255,0
331,9,6,3323,DIST,SINRdB,33.3,51.2255,0
332,9,6,3330,DIST,SINRdB,33.4,51.1734,0
332,9,6,3333,DIST,SINRdB,33.4,51.1734,0
333,9,6,3340,DIST,SINRdB,33.5,51.1214,0
333,9,6,3343,DIST,SINRdB,33.5,51.1214,0
334,9,6,3350,DIST,SINRdB,33.6,51.0697,0
334,9,6,3353,DIST,SINRdB,33.6,51.0697,0
335,9,6,3360,DIST,SINRdB,33.7,51.018,0
335,9,6,3363,DIST,SINRdB,33.7,51.018,0
336,9,6,3370,DIST,SINRdB,33.8,50.9666,0
336,9,6,3373,DIST,SINRdB,33.8,50.9666,0
337,9,6,3380,DIST,SINRdB,33.9,50.9152,0
337,9,6,3383,DIST,SINRdB,33.9,50.9152,0
338,9,6,3390,DIST,SINRdB,34,50.8641,0
338,9,6,3393,DIST,SINRdB,34,50.8641,0
339,9,6,3400,DIST,SINRdB,34.1,50.813,0
339,9,6,3403,DIST,SINRdB,34.1,50.813,0
340,9,6,3410,DIST,SINRdB,34.2,50.7622,0
340,9,6,3413,DIST,SINRdB,34.2,50.7622,0
341,9,6,3420,DIST,SINRdB,34.3,50.7115,0
341,9,6,3423,DIST,SINRdB,34.3,50.7115,0
342,9,6,3430,DIST,SINRdB,34.4,50.6609,0
342,9,6,3433,DIST,SINRdB,34.4,50.6609,0
343,9,6,3440,DIST,SINRdB,34.5,50.6105,0
343,9,6,3443,DIST,SINRdB,34.5,50.6105,0
344,9,6,3450,DIST,SINRdB,34.6,50.5602,0
344,9,6,3453,DIST,SINRdB,34.6,50.5602,0
345,9,6,3460,DIST,SINRdB,34.7,50.51,0
345,9,6,3463,DIST,SINRdB,34.7,50.51,0
346,9,6,3470,DIST,SINRdB,34.8,50.4601,0
346,9,6,3473,DIST,SINRdB,34.8,50.4601,0
347,9,6,3480,DIST,SINRdB,34.9,50.4102,0
347,9,6,3483,DIST,SINRdB,34.9,50.4102,0
348,9,6,3490,DIST,SINRdB,35,50.3605,0
348,9,6,3493,DIST,SINRdB,35,50.3605,0
349,9,6,3500,DIST,SINRdB,35.1,50.3109,0
349,9,6,3503,DIST,SINRdB,35.1,50.3109,0
350,9,6,3510,DIST,SINRdB,35.2,50.2615,0
350,9,6,3513,DIST,SINRdB,35.2,50.2615,0
351,9,6,3520,DIST,SINRdB,35.3,50.2122,0
351,9,6,3523,DIST,SINRdB,35.3,50.2122,0
352,9,6,3530,DIST,SINRdB,35.4,50.1631,0
352,9,6,3533,DIST,SINRdB,35.4,50.1631,0
353,9,6,3540,DIST,SINRdB,35.5,50.1141,0
353,9,6,3543,DIST,SINRdB,35.5,50.1141,0
354,9,6,3550,DIST,SINRdB,35.6,50.0652,0
354,9,6,3553,DIST,SINRdB,35.6,50.0652,0
355,9,6,3560,DIST,SINRdB,35.7,50.0165,0
355,9,6,3563,DIST,SINRdB,35.7,50.0165,0
356,9,6,3570,DIST,SINRdB,35.8,49.9679,0
356,9,6,3573,DIST,SINRdB,35.8,49.9679,0
357,9,6,3580,DIST,SINRdB,35.9,49.9195,0
357,9,6,3583,DIST,SINRdB,35.9,49.9195,0
358,9,6,3590,DIST,SINRdB,36,49.8711,0
358,9,6,3593,DIST,SINRdB,36,49.8711,0
359,9,6,3600,DIST,SINRdB,36.1,49.8229,0
359,9,6,3603,DIST,SINRdB,36.1,49.8229,0
360,9,6,3610,DIST,SINRdB,36.2,49.7749,0
360,9,6,3613,DIST,SINRdB,36.2,49.7749,0
361,9,6,3620,DIST,SINRdB,36.3,49.727,0
361,9,6,3623,DIST,SINRdB,36.3,49.727,0
362,9,6,3630,DIST,SINRdB,36.4,49.6792,0
362,9,6,3633,DIST,SINRdB,36.4,49.6792,0
363,9,6,3640,DIST,SINRdB,36.5,49.6315,0
363,9,6,3643,DIST,SINRdB,36.5,49.6315,0
364,9,6,3650,DIST,SINRdB,36.6,49.584,0
364,9,6,3653,DIST,SINRdB,36.6,49.584,0
365,9,6,3660,DIST,SINRdB,36.7,49.5366,0
365,9,6,3663,DIST,SINRdB,36.7,49.5366,0
366,9,6,3670,DIST,SINRdB,36.8,49.4893,0
366,9,6,3673,DIST,SINRdB,36.8,49.4893,0
367,9,6,3680,DIST,SINRdB,36.9,49.4422,0
367,9,6,3683,DIST,SINRdB,36.9,49.4422,0
368,9,6,3690,DIST,SINRdB,37,49.3952,0
368,9,6,3693,DIST,SINRdB,37,49.3952,0
369,9,6,3700,DIST,SINRdB,37.1,49.3483,0
369,9,6,3703,DIST,SINRdB,37.1,49.3483,0
370,9,6,3710,DIST,SINRdB,37.2,49.3015,0
370,9,6,3713,DIST,SINRdB,37.2,49.3015,0
371,9,6,3720,DIST,SINRdB,37.3,49.2549,0
371,9,6,3723,DIST,SINRdB,37.3,49.2549,0
372,9,6,3730,DIST,SINRdB,37.4,49.2084,0
372,9,6,3733,DIST,SINRdB,37.4,49.2084,0
373,9,6,3740,DIST,SINRdB,37.5,49.162,0
373,9,6,3743,DIST,SINRdB,37.5,49.162,0
374,9,6,3750,DIST,SINRdB,37.6,49.1157,0
374,9,6,3753,DIST,SINRdB,37.6,49.1157,0
375,9,6,3760,DIST,SINRdB,37.7,49.0696,0
375,9,6,3763,DIST,SINRdB,37.7,49.0696,0
376,9,6,3770,DIST,SINRdB,37.8,49.0236,0
376,9,6,3773,DIST,SINRdB,37.8,49.0236,0
377,9,6,3780,DIST,SINRdB,37.9,48.9777,0
377,9,6,3783,DIST,SINRdB,37.9,48.9777,0
378,9,6,3790,DIST,SINRdB,38,48.9319,0
378,9,6,3793,DIST,SINRdB,38,48.9319,0
379,9,6,3800,DIST,SINRdB,38.1,48.8862,0
379,9,6,3803,DIST,SINRdB,38.1,48.8862,0
380,9,6,3810,DIST,SINRdB,38.2,48.8407,0
380,9,6,3813,DIST,SINRdB,38.2,48.8407,0
381,9,6,3820,DIST,SINRdB,38.3,48.7953,0
381,9,6,3823,DIST,SINRdB,38.3,48.7953,0
382,9,6,3830,DIST,SINRdB,38.4,48.75,0
382,9,6,3833,DIST,SINRdB,38.4,48.75,0
383,9,6,3840,DIST,SINRdB,38.5,48.7048,0
383,9,6,3843,DIST,SINRdB,38.5,48.7048,0
384,9,6,3850,DIST,SINRdB,38.6,48.6597,0
384,9,6,3853,DIST,SINRdB,38.6,48.6597,0
385,9,6,3860,DIST,SINRdB,38.7,48.6148,0
385,9,6,3863,DIST,SINRdB,38.7,48.6148,0
386,9,6,3870,DIST,SINRdB,38.8,48.57,0
386,9,6,3873,DIST,SINRdB,38.8,48.57,0
387,9,6,3880,DIST,SINRdB,38.9,48.5253,0
387,9,6,3883,DIST,SINRdB,38.9,48.5253,0
388,9,6,3890,DIST,SINRdB,39,48.4807,0
388,9,6,3893,DIST,SINRdB,39,48.4807,0
389,9,6,3900,DIST,SINRdB,39.1,48.4362,0
389,9,6,3903,DIST,SINRdB,39.1,48.4362,0
390,9,6,3910,DIST,SINRdB,39.2,48.3918,0
390,9,6,3913,DIST,SINRdB,39.2,48.3918,0
391,9,6,3920,DIST,SINRdB,39.3,48.3475,0
391,9,6,3923,DIST,SINRdB,39.3,48.3475,0
392,9,6,3930,DIST,SINRdB,39.4,48.3034,0
392,9,6,3933,DIST,SINRdB,39.4,48.3034,0
393,9,6,3940,DIST,SINRdB,39.5,48.2594,0
393,9,6,3943,DIST,SINRdB,39.5,48.2594,0
394,9,6,3950,DIST,SINRdB,39.6,48.2154,0
394,9,6,3953,DIST,SINRdB,39.6,48.2154,0
395,9,6,3960,DIST,SINRdB,39.7,48.1716,0
395,9,6,3963,DIST,SINRdB,39.7,48.1716,0
396,9,6,3970,DIST,SINRdB,39.8,48.1279,0
396,9,6,3973,DIST,SINRdB,39.8,48.1279,0
397,9,6,3980,DIST,SINRdB,39.9,48.0843,0
397,9,6,3983,DIST,SINRdB,39.9,48.0843,0
398,9,6,3990,DIST,SINRdB,40,48.0408,0
398,9,6,3993,DIST,SINRdB,40,48.0408,0
399,9,6,4000,DIST,SINRdB,40.1,47.9975,0
399,9,6,4003,DIST,SINRdB,40.1,47.9975,0
400,9,6,4010,DIST,SINRdB,40.2,47.9542,0
400,9,6,4013,DIST,SINRdB,40.2,47.9542,0
401,9,6,4020,DIST,SINRdB,40.3,47.911,0
401,9,6,4023,DIST,SINRdB,40.3,47.911,0
402,9,6,4030,DIST,SINRdB,40.4,47.868,0
402,9,6,4033,DIST,SINRdB,40.4,47.868,0
403,9,6,4040,DIST,SINRdB,40.5,47.825,0
403,9,6,4043,DIST,SINRdB,40.5,47.825,0
404,9,6,4050,DIST,SINRdB,40.6,47.7822,0
404,9,6,4053,DIST,SINRdB,40.6,47.7822,0
405,9,6,4060,DIST,SINRdB,40.7,47.7395,0
405,9,6,4063,DIST,SINRdB,40.7,47.7395,0
406,9,6,4070,DIST,SINRdB,40.8,47.6968,0
406,9,6,4073,DIST,SINRdB,40.8,47.6968,0
407,9,6,4080,DIST,SINRdB,40.9,47.6543,0
407,9,6,4083,DIST,SINRdB,40.9,47.6543,0
408,9,6,4090,DIST,SINRdB,41,47.6119,0
408,9,6,4093,DIST,SINRdB,41,47.6119,0
409,9,6,4100,DIST,SINRdB,41.1,47.5696,0
409,9,6,4103,DIST,SINRdB,41.1,47.5696,0
410,9,6,4110,DIST,SINRdB,41.2,47.5274,0
410,9,6,4113,DIST,SINRdB,41.2,47.5274,0
411,9,6,4120,DIST,SINRdB,41.3,47.4852,0
411,9,6,4123,DIST,SINRdB,41.3,47.4852,0
412,9,6,4130,DIST,SINRdB,41.4,47.4432,0
412,9,6,4133,DIST,SINRdB,41.4,47.4432,0
413,9,6,4140,DIST,SINRdB,41.5,47.4013,0
413,9,6,4143,DIST,SINRdB,41.5,47.4013,0
414,9,6,4150,DIST,SINRdB,41.6,47.3595,0
414,9,6,4153,DIST,SINRdB,41.6,47.3595,0
415,9,6,4160,DIST,SINRdB,41.7,47.3178,0
415,9,6,4163,DIST,SINRdB,41.7,47.3178,0
416,9,6,4170,DIST,SINRdB,41.8,47.2762,0
416,9,6,4173,DIST,SINRdB,41.8,47.2762,0
417,9,6,4180,DIST,SINRdB,41.9,47.2347,0
417,9,6,4183,DIST,SINRdB,41.9,47.2347,0
418,9,6,4190,DIST,SINRdB,42,47.1933,0
418,9,6,4193,DIST,SINRdB,42,47.1933,0
419,9,6,4200,DIST,SINRdB,42.1,47.152,0
419,9,6,4203,DIST,SINRdB,42.1,47.152,0
420,9,6,4210,DIST,SINRdB,42.2,47.1107,0
420,9,6,4213,DIST,SINRdB,42.2,47.1107,0
421,9,6,4220,DIST,SINRdB,42.3,47.0696,0
421,9,6,4223,DIST,SINRdB,42.3,47.0696,0
422,9,6,4230,DIST,SINRdB,42.4,47.0286,0
422,9,6,4233,DIST,SINRdB,42.4,47.0286,0
423,9,6,4240,DIST,SINRdB,42.5,46.9877,0
423,9,6,4243,DIST,SINRdB,42.5,46.9877,0
424,9,6,4250,DIST,SINRdB,42.6,46.9469,0
424,9,6,4253,DIST,SINRdB,42.6,46.9469,0
425,9,6,4260,DIST,SINRdB,42.7,46.9061,0
425,9,6,4263,DIST,SINRdB,42.7,46.9061,0
426,9,6,4270,DIST,SINRdB,42.8,46.8655,0
426,9,6,4273,DIST,SINRdB,42.8,46.8655,0
427,9,6,4280,DIST,SINRdB,42.9,46.825,0
427,9,6,4283,DIST,SINRdB,42.9,46.825,0
428,9,6,4290,DIST,SINRdB,43,46.7845,0
428,9,6,4293,DIST,SINRdB,43,46.7845,0
429,9,6,4300,DIST,SINRdB,43.1,46.7442,0
429,9,6,4303,DIST,SINRdB,43.1,46.7442,0
430,9,6,4310,DIST,SINRdB,43.2,46.7039,0
430,9,6,4313,DIST,SINRdB,43.2,46.7039,0
431,9,6,4320,DIST,SINRdB,43.3,46.6637,0
431,9,6,4323,DIST,SINRdB,43.3,46.6637,0
432,9,6,4330,DIST,SINRdB,43.4,46.6237,0
432,9,6,4333,DIST,SINRdB,43.4,46.6237,0
433,9,6,4340,DIST,SINRdB,43.5,46.5837,0
433,9,6,4343,DIST,SINRdB,43.5,46.5837,0
434,9,6,4350,DIST,SINRdB,43.6,46.5438,0
434,9,6,4353,DIST,SINRdB,43.6,46.5438,0
435,9,6,4360,DIST,SINRdB,43.7,46.504,0
435,9,6,4363,DIST,SINRdB,43.7,46.504,0
436,9,6,4370,DIST,SINRdB,43.8,46.4643,0
436,9,6,4373,DIST,SINRdB,43.8,46.4643,0
437,9,6,4380,DIST,SINRdB,43.9,46.4247,0
437,9,6,4383,DIST,SINRdB,43.9,46.4247,0
438,9,6,4390,DIST,SINRdB,44,46.3851,0
438,9,6,4393,DIST,SINRdB,44,46.3851,0
439,9,6,4400,DIST,SINRdB,44.1,46.3457,0
439,9,6,4403,DIST,SINRdB,44.1,46.3457,0
440,9,6,4410,DIST,SINRdB,44.2,46.3064,0
440,9,6,4413,DIST,SINRdB,44.2,46.3064,0
441,9,6,4420,DIST,SINRdB,44.3,46.2671,0
441,9,6,4423,DIST,SINRdB,44.3,46.2671,0
442,9,6,4430,DIST,SINRdB,44.4,46.2279,0
442,9,6,4433,DIST,SINRdB,44.4,46.2279,0
443,9,6,4440,DIST,SINRdB,44.5,46.1888,0
443,9,6,4443,DIST,SINRdB,44.5,46.1888,0
444,9,6,4450,DIST,SINRdB,44.6,46.1499,0
444,9,6,4453,DIST,SINRdB,44.6,46.1499,0
445,9,6,4460,DIST,SINRdB,44.7,46.1109,0
445,9,6,4463,DIST,SINRdB,44.7,46.1109,0
446,9,6,4470,DIST,SINRdB,44.8,46.0721,0
446,9,6,4473,DIST,SINRdB,44.8,46.0721,0
447,9,6,4480,DIST,SINRdB,44.9,46.0334,0
447,9,6,4483,DIST,SINRdB,44.9,46.0334,0
448,9,6,4490,DIST,SINRdB,45,45.9947,0
448,9,6,4493,DIST,SINRdB,45,45.9947,0
449,9,6,4500,DIST,SINRdB,45.1,45.9562,0
449,9,6,4503,DIST,SINRdB,45.1,45.9562,0
450,9,6,4510,DIST,SINRdB,45.2,45.9177,0
450,9,6,4513,DIST,SINRdB,45.2,45.9177,0
451,9,6,4520,DIST,SINRdB,45.3,45.8793,0
451,9,6,4523,DIST,SINRdB,45.3,45.8793,0
452,9,6,4530,DIST,SINRdB,45.4,45.841,0
452,9,6,4533,DIST,SINRdB,45.4,45.841,0
453,9,6,4540,DIST,SINRdB,45.5,45.8028,0
453,9,6,4543,DIST,SINRdB,45.5,45.8028,0
454,9,6,4550,DIST,SINRdB,45.6,45.7647,0
454,9,6,4553,DIST,SINRdB,45.6,45.7647,0
455,9,6,4560,DIST,SINRdB,45.7,45.7266,0
455,9,6,4563,DIST,SINRdB,45.7,45.7266,0
456,9,6,4570,DIST,SINRdB,45.8,45.6886,0
456,9,6,4573,DIST,SINRdB,45.8,45.6886,0
457,9,6,4580,DIST,SINRdB,45.9,45.6507,0
457,9,6,4583,DIST,SINRdB,45.9,45.6507,0
458,9,6,4590,DIST,SINRdB,46,45.6129,0
458,9,6,4593,DIST,SINRdB,46,45.6129,0
459,9,6,4600,DIST,SINRdB,46.1,45.5752,0
459,9,6,4603,DIST,SINRdB,46.1,45.5752,0
460,9,6,4610,DIST,SINRdB,46.2,45.5376,0
460,9,6,4613,DIST,SINRdB,46.2,45.5376,0
461,9,6,4620,DIST,SINRdB,46.3,45.5,0
461,9,6,4623,DIST,SINRdB,46.3,45.5,0
462,9,6,4630,DIST,SINRdB,46.4,45.4625,0
462,9,6,4633,DIST,SINRdB,46.4,45.4625,0
463,9,6,4640,DIST,SINRdB,46.5,45.4251,0
463,9,6,4643,DIST,SINRdB,46.5,45.4251,0
464,9,6,4650,DIST,SINRdB,46.6,45.3878,0
464,9,6,4653,DIST,SINRdB,46.6,45.3878,0
465,9,6,4660,DIST,SINRdB,46.7,45.3506,0
465,9,6,4663,DIST,SINRdB,46.7,45.3506,0
466,9,6,4670,DIST,SINRdB,46.8,45.3134,0
466,9,6,4673,DIST,SINRdB,46.8,45.3134,0
467,9,6,4680,DIST,SINRdB,46.9,45.2763,0
467,9,6,4683,DIST,SINRdB,46.9,45.2763,0
468,9,6,4690,DIST,SINRdB,47,45.2393,0
468,9,6,4693,DIST,SINRdB,47,45.2393,0
469,9,6,4700,DIST,SINRdB,47.1,45.2024,0
469,9,6,4703,DIST,SINRdB,47.1,45.2024,0
470,9,6,4710,DIST,SINRdB,47.2,45.1656,0
470,9,6,4713,DIST,SINRdB,47.2,45.1656,0
471,9,6,4720,DIST,SINRdB,47.3,45.1288,0
471,9,6,4723,DIST,SINRdB,47.3,45.1288,0
472,9,6,4730,DIST,SINRdB,47.4,45.0921,0
472,9,6,4733,DIST,SINRdB,47.4,45.0921,0
473,9,6,4740,DIST,SINRdB,47.5,45.0555,0
473,9,6,4743,DIST,SINRdB,47.5,45.0555,0
474,9,6,4750,DIST,SINRdB,47.6,45.019,0
474,9,6,4753,DIST,SINRdB,47.6,45.019,0
475,9,6,4760,DIST,SINRdB,47.7,44.9825,0
475,9,6,4763,DIST,SINRdB,47.7,44.9825,0
476,9,6,4770,DIST,SINRdB,47.8,44.9461,0
476,9,6,4773,DIST,SINRdB,47.8,44.9461,0
477,9,6,4780,DIST,SINRdB,47.9,44.9098,0
477,9,6,4783,DIST,SINRdB,47.9,44.9098,0
478,9,6,4790,DIST,SINRdB,48,44.8736,0
478,9,6,4793,DIST,SINRdB,48,44.8736,0
479,9,6,4800,DIST,SINRdB,48.1,44.8374,0
479,9,6,4803,DIST,SINRdB,48.1,44.8374,0
480,9,6,4810,DIST,SINRdB,48.2,44.8014,0
480,9,6,4813,DIST,SINRdB,48.2,44.8014,0
481,9,6,4820,DIST,SINRdB,48.3,44.7654,0
481,9,6,4823,DIST,SINRdB,48.3,44.7654,0
482,9,6,4830,DIST,SINRdB,48.4,44.7294,0
482,9,6,4833,DIST,SINRdB,48.4,44.7294,0
483,9,6,4840,DIST,SINRdB,48.5,44.6936,0
483,9,6,4843,DIST,SINRdB,48.5,44.6936,0
484,9,6,4850,DIST,SINRdB,48.6,44.6578,0
484,9,6,4853,DIST,SINRdB,48.6,44.6578,0
485,9,6,4860,DIST,SINRdB,48.7,44.6221,0
485,9,6,4863,DIST,SINRdB,48.7,44.6221,0
486,9,6,4870,DIST,SINRdB,48.8,44.5865,0
486,9,6,4873,DIST,SINRdB,48.8,44.5865,0
487,9,6,4880,DIST,SINRdB,48.9,44.5509,0
487,9,6,4883,DIST,SINRdB,48.9,44.5509,0
488,9,6,4890,DIST,SINRdB,49,44.5154,0
488,9,6,4893,DIST,SINRdB,49,44.5154,0
489,9,6,4900,DIST,SINRdB,49.1,44.48,0
489,9,6,4903,DIST,SINRdB,49.1,44.48,0
490,9,6,4910,DIST,SINRdB,49.2,44.4446,0
490,9,6,4913,DIST,SINRdB,49.2,44.4446,0
491,9,6,4920,DIST,SINRdB,49.3,44.4094,0
491,9,6,4923,DIST,SINRdB,49.3,44.4094,0
492,9,6,4930,DIST,SINRdB,49.4,44.3742,0
492,9,6,4933,DIST,SINRdB,49.4,44.3742,0
493,9,6,4940,DIST,SINRdB,49.5,44.339,0
493,9,6,4943,DIST,SINRdB,49.5,44.339,0
494,9,6,4950,DIST,SINRdB,49.6,44.304,0
494,9,6,4953,DIST,SINRdB,49.6,44.304,0
495,9,6,4960,DIST,SINRdB,49.7,44.269,0
495,9,6,4963,DIST,SINRdB,49.7,44.269,0
496,9,6,4970,DIST,SINRdB,49.8,44.2341,0
496,9,6,4973,DIST,SINRdB,49.8,44.2341,0
497,9,6,4980,DIST,SINRdB,49.9,44.1992,0
497,9,6,4983,DIST,SINRdB,49.9,44.1992,0
498,9,6,4990,DIST,SINRdB,49.9,44.1992,0
498,9,6,4993,DIST,SINRdB,49.9,44.1992,0
499,9,6,5000,DIST,SINRdB,49.9,44.1992,0
499,9,6,5003,DIST,SINRdB,49.9,44.1992,0
500,9,6,5010,DIST,SINRdB,49.9,44.1992,0
